-- IT Frontiers Book F seed (generated by tools/import_book_manifest.py from
-- docs/curriculum/bookf/itf-f-ch*.json — regenerate there; do not hand-edit).
-- Global catalog content (organization_id NULL), everything published. Idempotent:
-- migrations re-apply on every backend deploy.

insert into public.subjects (id, title, description, status)
values ('itf-beginner', 'IT Frontiers — Beginner Series', 'Foundational computing concepts: systems and signals, computer design, instructions and software, and data structures — from the IT Frontiers Beginner series (Chapters & Co.).', 'published')
on conflict (id) do update set
  title = excluded.title,
  description = excluded.description,
  status = excluded.status,
  updated_at = now();

insert into public.courses (id, subject_id, title, description, status)
values ('itf-f', 'itf-beginner', 'IT Frontiers Book F', 'Book F of the IT Frontiers Beginner series: systems & signals, computer design, instructions & software, and data & data structures.', 'published')
on conflict (id) do update set
  subject_id = excluded.subject_id,
  title = excluded.title,
  description = excluded.description,
  status = excluded.status,
  updated_at = now();

insert into public.course_versions (id, course_id, version_label, status, is_current)
values ('itf-f-v1', 'itf-f', 'v1', 'published', true)
on conflict (id) do update set
  course_id = excluded.course_id,
  version_label = excluded.version_label,
  status = excluded.status,
  updated_at = now();

insert into public.units (id, course_version_id, position, title, description)
values ('itf-f-ch1', 'itf-f-v1', 1, 'Systems & Signals', 'How systems use input, processing, output, memory, and interfaces to handle and exchange sound, light, pressure, electronic, and radio wave signals.')
on conflict (id) do update set
  course_version_id = excluded.course_version_id,
  position = excluded.position,
  title = excluded.title,
  description = excluded.description,
  updated_at = now();

insert into public.lessons (id, position, title, tutor_prompt, sample_code, module, level, unit_id, unit_position, publication_status, help_ceiling, require_attempt_first, final_answer_policy, tutor_tone, tutor_pace, grade_band, curriculum_metadata)
values ('itf-f-ch1-l1', 101, 'Purpose', 'Help the learner connect everyday tools to the purposes they serve, then distinguish general-purpose personal computers from the three specific-purpose categories. Ask for the learner''s own examples before using the checks to confirm the book''s four computer categories.', '', 'IT Frontiers', 'Beginner', 'itf-f-ch1', 1, 'published', 'guided', true, 'after_attempt', 'encouraging', 'guided', 'lower', '{"course_id": "itf-f", "course_version_id": "itf-f-v1", "lesson_type": "discussion"}'::jsonb)
on conflict (id) do update set
  position = excluded.position,
  title = excluded.title,
  tutor_prompt = excluded.tutor_prompt,
  sample_code = excluded.sample_code,
  module = excluded.module,
  level = excluded.level,
  unit_id = excluded.unit_id,
  unit_position = excluded.unit_position,
  publication_status = excluded.publication_status,
  help_ceiling = excluded.help_ceiling,
  require_attempt_first = excluded.require_attempt_first,
  final_answer_policy = excluded.final_answer_policy,
  tutor_tone = excluded.tutor_tone,
  tutor_pace = excluded.tutor_pace,
  grade_band = excluded.grade_band,
  curriculum_metadata = excluded.curriculum_metadata;

insert into public.milestones (id, lesson_id, position, title, objective, level, skill_keys, allowed_response_modes)
values ('itf-f-ch1-l1-milestone', 'itf-f-ch1-l1', 1, 'Purpose and computer categories', 'Identify the specific purpose of a technology and distinguish general-purpose personal computers from specific-purpose embedded computers, servers, and supercomputers.', 'Beginner', ARRAY['process.purpose', 'itf.computers.categories']::text[], ARRAY['text', 'multiple_choice']::text[])
on conflict (id) do update set
  lesson_id = excluded.lesson_id,
  position = excluded.position,
  title = excluded.title,
  objective = excluded.objective,
  level = excluded.level,
  skill_keys = excluded.skill_keys,
  allowed_response_modes = excluded.allowed_response_modes,
  updated_at = now();

update public.lessons set milestone_id = 'itf-f-ch1-l1-milestone' where id = 'itf-f-ch1-l1';

insert into public.lesson_activities (id, lesson_id, milestone_id, position, title, activity_type, stage, prompt, response_mode, starter_code, expected_output, choices, rubric, skill_keys, pass_score, mode, mode_type)
values ('itf-f-ch1-l1-s1', 'itf-f-ch1-l1', 'itf-f-ch1-l1-milestone', 1, 'Every technology serves a purpose', 'discussion', 'intro', 'Technology is any tool or machine that is made to serve a purpose. Each is used to perform a particular task; each serves a specific purpose. In Example 1.1, the hammer and screwdriver both help us build, but one hammers in nails while the other drives in screws. A bus and a car both provide transportation, but a bus transports many people and a car transports few. A space shuttle and an airplane both fly people and cargo, but the shuttle flies them to space while the airplane flies them to locations on the ground.', 'text', '', null, '[]'::jsonb, '{}'::jsonb, ARRAY['process.purpose']::text[], 1, 'explanation', null)
on conflict (id) do update set
  lesson_id = excluded.lesson_id,
  milestone_id = excluded.milestone_id,
  position = excluded.position,
  title = excluded.title,
  activity_type = excluded.activity_type,
  stage = excluded.stage,
  prompt = excluded.prompt,
  response_mode = excluded.response_mode,
  starter_code = excluded.starter_code,
  expected_output = excluded.expected_output,
  choices = excluded.choices,
  rubric = excluded.rubric,
  skill_keys = excluded.skill_keys,
  pass_score = excluded.pass_score,
  mode = excluded.mode,
  mode_type = excluded.mode_type;

insert into public.lesson_activities (id, lesson_id, milestone_id, position, title, activity_type, stage, prompt, response_mode, starter_code, expected_output, choices, rubric, skill_keys, pass_score, mode, mode_type)
values ('itf-f-ch1-l1-s2', 'itf-f-ch1-l1', 'itf-f-ch1-l1-milestone', 2, 'General-purpose personal computers', 'discussion', 'teach', 'The computer is also a technology. The four types of personal computer are the desktop, laptop, tablet, and smartphone. They are general-purpose technologies because they serve more than one purpose. Example 1.2 shows those purposes: entertainment such as reading e-books, playing games, and watching videos; work such as attending online classes, finding information, doing homework, reviewing patient records, preparing lessons, and creating digital artwork; and communication with friends, family, teachers, and classmates.', 'text', '', null, '[]'::jsonb, '{}'::jsonb, ARRAY['process.purpose', 'itf.computers.categories']::text[], 1, 'explanation', null)
on conflict (id) do update set
  lesson_id = excluded.lesson_id,
  milestone_id = excluded.milestone_id,
  position = excluded.position,
  title = excluded.title,
  activity_type = excluded.activity_type,
  stage = excluded.stage,
  prompt = excluded.prompt,
  response_mode = excluded.response_mode,
  starter_code = excluded.starter_code,
  expected_output = excluded.expected_output,
  choices = excluded.choices,
  rubric = excluded.rubric,
  skill_keys = excluded.skill_keys,
  pass_score = excluded.pass_score,
  mode = excluded.mode,
  mode_type = excluded.mode_type;

insert into public.lesson_activities (id, lesson_id, milestone_id, position, title, activity_type, stage, prompt, response_mode, starter_code, expected_output, choices, rubric, skill_keys, pass_score, mode, mode_type)
values ('itf-f-ch1-l1-s3', 'itf-f-ch1-l1', 'itf-f-ch1-l1-milestone', 3, 'Three specific-purpose categories', 'discussion', 'teach', 'Embedded computers, servers, and supercomputers are specific-purpose computers. Embedded computers sit inside machines and control them, so they are often called control modules. In Example 1.3, an elevator''s embedded computer senses a pressed button, moves to that floor, and controls its doors; in Example 1.4, a car''s engine control module controls the engine and its brake control module controls the brakes. A server serves requests from many clients at the same time: Example 1.5 describes YouTube video requests, Amazon buying and selling requests, and Google information requests. A supercomputer responds to one big request rather than many small ones; Example 1.6 uses the many calculations needed to predict the weather. The four main computer categories are embedded computers, personal computers, servers, and supercomputers.', 'text', '', null, '[]'::jsonb, '{}'::jsonb, ARRAY['process.purpose', 'itf.computers.categories']::text[], 1, 'explanation', null)
on conflict (id) do update set
  lesson_id = excluded.lesson_id,
  milestone_id = excluded.milestone_id,
  position = excluded.position,
  title = excluded.title,
  activity_type = excluded.activity_type,
  stage = excluded.stage,
  prompt = excluded.prompt,
  response_mode = excluded.response_mode,
  starter_code = excluded.starter_code,
  expected_output = excluded.expected_output,
  choices = excluded.choices,
  rubric = excluded.rubric,
  skill_keys = excluded.skill_keys,
  pass_score = excluded.pass_score,
  mode = excluded.mode,
  mode_type = excluded.mode_type;

insert into public.lesson_activities (id, lesson_id, milestone_id, position, title, activity_type, stage, prompt, response_mode, starter_code, expected_output, choices, rubric, skill_keys, pass_score, mode, mode_type)
values ('itf-f-ch1-l1-s4', 'itf-f-ch1-l1', 'itf-f-ch1-l1-milestone', 4, 'Your own purposes', 'reflection', 'practice', 'First list two tasks, not mentioned in the lesson, that a personal computer can perform. Then name three additional technologies that were not mentioned and state the specific purpose for which each one is made. Explain each purpose in your own words.', 'text', '', null, '[]'::jsonb, '{}'::jsonb, ARRAY['process.purpose']::text[], 1, 'reflection', null)
on conflict (id) do update set
  lesson_id = excluded.lesson_id,
  milestone_id = excluded.milestone_id,
  position = excluded.position,
  title = excluded.title,
  activity_type = excluded.activity_type,
  stage = excluded.stage,
  prompt = excluded.prompt,
  response_mode = excluded.response_mode,
  starter_code = excluded.starter_code,
  expected_output = excluded.expected_output,
  choices = excluded.choices,
  rubric = excluded.rubric,
  skill_keys = excluded.skill_keys,
  pass_score = excluded.pass_score,
  mode = excluded.mode,
  mode_type = excluded.mode_type;

insert into public.lesson_activities (id, lesson_id, milestone_id, position, title, activity_type, stage, prompt, response_mode, starter_code, expected_output, choices, rubric, skill_keys, pass_score, mode, mode_type)
values ('itf-f-ch1-l1-s5', 'itf-f-ch1-l1', 'itf-f-ch1-l1-milestone', 5, 'Match technologies to purposes', 'multiple_choice', 'assessment', 'Which option matches every technology with the specific purpose given in the book''s matching activity?', 'multiple_choice', '', null, '[{"id": "a", "text": "Hammer—hammering in nails; bus—transporting many people; space shuttle—flying people to space; telescope—looking at distant objects; elevator—moving people up and down in a building; server—serving small requests from many clients; supercomputer—solving big problems."}, {"id": "b", "text": "Hammer—looking at distant objects; bus—transporting many people; space shuttle—flying people to space; telescope—hammering in nails; elevator—moving people up and down in a building; server—serving small requests from many clients; supercomputer—solving big problems."}, {"id": "c", "text": "Hammer—hammering in nails; bus—transporting few people; space shuttle—flying between locations on the ground; telescope—looking at distant objects; elevator—moving people up and down in a building; server—solving one big problem; supercomputer—serving many clients."}, {"id": "d", "text": "Hammer—driving in screws; bus—transporting many people; space shuttle—flying people to space; telescope—looking at distant objects; elevator—serving small client requests; server—moving people between floors; supercomputer—solving big problems."}]'::jsonb, '{}'::jsonb, ARRAY['process.purpose']::text[], 1, 'assessment', 'mcq')
on conflict (id) do update set
  lesson_id = excluded.lesson_id,
  milestone_id = excluded.milestone_id,
  position = excluded.position,
  title = excluded.title,
  activity_type = excluded.activity_type,
  stage = excluded.stage,
  prompt = excluded.prompt,
  response_mode = excluded.response_mode,
  starter_code = excluded.starter_code,
  expected_output = excluded.expected_output,
  choices = excluded.choices,
  rubric = excluded.rubric,
  skill_keys = excluded.skill_keys,
  pass_score = excluded.pass_score,
  mode = excluded.mode,
  mode_type = excluded.mode_type;

insert into public.quiz_items (id, lesson_id, milestone_id, activity_id, position, prompt, question_type, choices, correct_choice_ids, rubric, skill_keys, status)
values ('itf-f-ch1-l1-s5-quiz', 'itf-f-ch1-l1', 'itf-f-ch1-l1-milestone', 'itf-f-ch1-l1-s5', 5, 'Which option matches every technology with the specific purpose given in the book''s matching activity?', 'multiple_choice', '[{"id": "a", "text": "Hammer—hammering in nails; bus—transporting many people; space shuttle—flying people to space; telescope—looking at distant objects; elevator—moving people up and down in a building; server—serving small requests from many clients; supercomputer—solving big problems."}, {"id": "b", "text": "Hammer—looking at distant objects; bus—transporting many people; space shuttle—flying people to space; telescope—hammering in nails; elevator—moving people up and down in a building; server—serving small requests from many clients; supercomputer—solving big problems."}, {"id": "c", "text": "Hammer—hammering in nails; bus—transporting few people; space shuttle—flying between locations on the ground; telescope—looking at distant objects; elevator—moving people up and down in a building; server—solving one big problem; supercomputer—serving many clients."}, {"id": "d", "text": "Hammer—driving in screws; bus—transporting many people; space shuttle—flying people to space; telescope—looking at distant objects; elevator—serving small client requests; server—moving people between floors; supercomputer—solving big problems."}]'::jsonb, ARRAY['a']::text[], '{}'::jsonb, ARRAY['process.purpose']::text[], 'published')
on conflict (id) do update set
  lesson_id = excluded.lesson_id,
  milestone_id = excluded.milestone_id,
  activity_id = excluded.activity_id,
  position = excluded.position,
  prompt = excluded.prompt,
  question_type = excluded.question_type,
  choices = excluded.choices,
  correct_choice_ids = excluded.correct_choice_ids,
  rubric = excluded.rubric,
  skill_keys = excluded.skill_keys,
  status = excluded.status,
  updated_at = now();

insert into public.lesson_activities (id, lesson_id, milestone_id, position, title, activity_type, stage, prompt, response_mode, starter_code, expected_output, choices, rubric, skill_keys, pass_score, mode, mode_type)
values ('itf-f-ch1-l1-s6', 'itf-f-ch1-l1', 'itf-f-ch1-l1-milestone', 6, 'Check the four computer categories', 'multiple_choice', 'assessment', 'Which summary correctly names and classifies the computer categories described in the lesson?', 'multiple_choice', '', null, '[{"id": "a", "text": "Desktop, laptop, tablet, and smartphone are the four types of general-purpose personal computers. Embedded computers, servers, and supercomputers are specific-purpose: embedded computers sit inside and control a larger machine and are often called control modules, servers handle many small client requests, and supercomputers handle one big request."}, {"id": "b", "text": "Desktop, laptop, server, and supercomputer are the four types of personal computers. Embedded computers are general-purpose, while personal computers are specific-purpose."}, {"id": "c", "text": "Desktop, laptop, tablet, and smartphone are specific-purpose computers. Servers handle one big request, while supercomputers handle many small client requests."}, {"id": "d", "text": "Embedded computers are personal computers found outside machines. Servers and supercomputers are both general-purpose computers because they perform every kind of task."}]'::jsonb, '{}'::jsonb, ARRAY['itf.computers.categories']::text[], 1, 'assessment', 'mcq')
on conflict (id) do update set
  lesson_id = excluded.lesson_id,
  milestone_id = excluded.milestone_id,
  position = excluded.position,
  title = excluded.title,
  activity_type = excluded.activity_type,
  stage = excluded.stage,
  prompt = excluded.prompt,
  response_mode = excluded.response_mode,
  starter_code = excluded.starter_code,
  expected_output = excluded.expected_output,
  choices = excluded.choices,
  rubric = excluded.rubric,
  skill_keys = excluded.skill_keys,
  pass_score = excluded.pass_score,
  mode = excluded.mode,
  mode_type = excluded.mode_type;

insert into public.quiz_items (id, lesson_id, milestone_id, activity_id, position, prompt, question_type, choices, correct_choice_ids, rubric, skill_keys, status)
values ('itf-f-ch1-l1-s6-quiz', 'itf-f-ch1-l1', 'itf-f-ch1-l1-milestone', 'itf-f-ch1-l1-s6', 6, 'Which summary correctly names and classifies the computer categories described in the lesson?', 'multiple_choice', '[{"id": "a", "text": "Desktop, laptop, tablet, and smartphone are the four types of general-purpose personal computers. Embedded computers, servers, and supercomputers are specific-purpose: embedded computers sit inside and control a larger machine and are often called control modules, servers handle many small client requests, and supercomputers handle one big request."}, {"id": "b", "text": "Desktop, laptop, server, and supercomputer are the four types of personal computers. Embedded computers are general-purpose, while personal computers are specific-purpose."}, {"id": "c", "text": "Desktop, laptop, tablet, and smartphone are specific-purpose computers. Servers handle one big request, while supercomputers handle many small client requests."}, {"id": "d", "text": "Embedded computers are personal computers found outside machines. Servers and supercomputers are both general-purpose computers because they perform every kind of task."}]'::jsonb, ARRAY['a']::text[], '{}'::jsonb, ARRAY['itf.computers.categories']::text[], 'published')
on conflict (id) do update set
  lesson_id = excluded.lesson_id,
  milestone_id = excluded.milestone_id,
  activity_id = excluded.activity_id,
  position = excluded.position,
  prompt = excluded.prompt,
  question_type = excluded.question_type,
  choices = excluded.choices,
  correct_choice_ids = excluded.correct_choice_ids,
  rubric = excluded.rubric,
  skill_keys = excluded.skill_keys,
  status = excluded.status,
  updated_at = now();

insert into public.lessons (id, position, title, tutor_prompt, sample_code, module, level, unit_id, unit_position, publication_status, help_ceiling, require_attempt_first, final_answer_policy, tutor_tone, tutor_pace, grade_band, curriculum_metadata)
values ('itf-f-ch1-l2', 102, 'Systems & Signals', 'Build the lesson around systems as parts working together to produce change, then have the learner classify input and output across personal computers, the human body, and embedded computers. Emphasize that a signal is a message carried in physical form and that actuators are output devices.', '', 'IT Frontiers', 'Beginner', 'itf-f-ch1', 2, 'published', 'guided', true, 'after_attempt', 'encouraging', 'guided', 'lower', '{"course_id": "itf-f", "course_version_id": "itf-f-v1", "lesson_type": "discussion"}'::jsonb)
on conflict (id) do update set
  position = excluded.position,
  title = excluded.title,
  tutor_prompt = excluded.tutor_prompt,
  sample_code = excluded.sample_code,
  module = excluded.module,
  level = excluded.level,
  unit_id = excluded.unit_id,
  unit_position = excluded.unit_position,
  publication_status = excluded.publication_status,
  help_ceiling = excluded.help_ceiling,
  require_attempt_first = excluded.require_attempt_first,
  final_answer_policy = excluded.final_answer_policy,
  tutor_tone = excluded.tutor_tone,
  tutor_pace = excluded.tutor_pace,
  grade_band = excluded.grade_band,
  curriculum_metadata = excluded.curriculum_metadata;

insert into public.milestones (id, lesson_id, position, title, objective, level, skill_keys, allowed_response_modes)
values ('itf-f-ch1-l2-milestone', 'itf-f-ch1-l2', 1, 'Systems, input, and output', 'Classify parts of human, personal-computer, and embedded-computer systems as input or output and identify the physical form of the signals they capture or emit.', 'Beginner', ARRAY['systems.input', 'systems.process', 'systems.output', 'itf.signals.types']::text[], ARRAY['text', 'multiple_choice']::text[])
on conflict (id) do update set
  lesson_id = excluded.lesson_id,
  position = excluded.position,
  title = excluded.title,
  objective = excluded.objective,
  level = excluded.level,
  skill_keys = excluded.skill_keys,
  allowed_response_modes = excluded.allowed_response_modes,
  updated_at = now();

update public.lessons set milestone_id = 'itf-f-ch1-l2-milestone' where id = 'itf-f-ch1-l2';

insert into public.lesson_activities (id, lesson_id, milestone_id, position, title, activity_type, stage, prompt, response_mode, starter_code, expected_output, choices, rubric, skill_keys, pass_score, mode, mode_type)
values ('itf-f-ch1-l2-s1', 'itf-f-ch1-l2', 'itf-f-ch1-l2-milestone', 1, 'Parts working as one system', 'discussion', 'intro', 'A system is something that is made up of parts working together as one whole unit. To serve its purpose, a system must do work, and that work results in change. Example 2.1 shows a bicycle changing pressure on a pedal into the spinning of its rear wheel. In Example 2.2, a computer changes pressure on keyboard keys into letters on a screen. Example 2.3 shows that a living thing can also be a system: the human body changes the sound of a question into the sound of an answer.', 'text', '', null, '[]'::jsonb, '{}'::jsonb, ARRAY['systems.process']::text[], 1, 'explanation', null)
on conflict (id) do update set
  lesson_id = excluded.lesson_id,
  milestone_id = excluded.milestone_id,
  position = excluded.position,
  title = excluded.title,
  activity_type = excluded.activity_type,
  stage = excluded.stage,
  prompt = excluded.prompt,
  response_mode = excluded.response_mode,
  starter_code = excluded.starter_code,
  expected_output = excluded.expected_output,
  choices = excluded.choices,
  rubric = excluded.rubric,
  skill_keys = excluded.skill_keys,
  pass_score = excluded.pass_score,
  mode = excluded.mode,
  mode_type = excluded.mode_type;

insert into public.lesson_activities (id, lesson_id, milestone_id, position, title, activity_type, stage, prompt, response_mode, starter_code, expected_output, choices, rubric, skill_keys, pass_score, mode, mode_type)
values ('itf-f-ch1-l2-s2', 'itf-f-ch1-l2', 'itf-f-ch1-l2-milestone', 2, 'Signals, input, and output', 'discussion', 'teach', 'A signal is a message that is carried in physical form. Example 2.4 shows a question carried by sound to an ear, the word "Hello" carried by light to an eye, and letter names carried by pressure to a keyboard. A system that works with signals must capture and emit them. Capturing is input: microphones capture sound, cameras capture light, and mice, keyboards, touchpads, and digitizers capture pressure. Emitting is output: speakers emit sound, screens emit light, and vibration motors exert pressure. The human body inputs through ears, eyes, and skin, then outputs through actions of the mouth, arms, and legs.', 'text', '', null, '[]'::jsonb, '{}'::jsonb, ARRAY['systems.input', 'systems.output', 'itf.signals.types']::text[], 1, 'explanation', null)
on conflict (id) do update set
  lesson_id = excluded.lesson_id,
  milestone_id = excluded.milestone_id,
  position = excluded.position,
  title = excluded.title,
  activity_type = excluded.activity_type,
  stage = excluded.stage,
  prompt = excluded.prompt,
  response_mode = excluded.response_mode,
  starter_code = excluded.starter_code,
  expected_output = excluded.expected_output,
  choices = excluded.choices,
  rubric = excluded.rubric,
  skill_keys = excluded.skill_keys,
  pass_score = excluded.pass_score,
  mode = excluded.mode,
  mode_type = excluded.mode_type;

insert into public.lesson_activities (id, lesson_id, milestone_id, position, title, activity_type, stage, prompt, response_mode, starter_code, expected_output, choices, rubric, skill_keys, pass_score, mode, mode_type)
values ('itf-f-ch1-l2-s3', 'itf-f-ch1-l2', 'itf-f-ch1-l2-milestone', 3, 'Input and output in an elevator', 'discussion', 'teach', 'An embedded computer''s input and output devices depend on the machine it controls. Input panels accept keys, buttons, and dials; sensors capture particular forms, such as heat sensors sensing temperature and infrared sensors sensing infrared light. In Example 2.5, Alan presses 6 on the elevator''s cabin operating panel. In Example 2.6, an infrared sensor receives light across the doorway; if a body blocks that signal, the computer keeps the doors open. Example 2.7 shows a screen displaying the floor and speakers beeping on arrival. Embedded computers also use output devices called actuators. In Example 2.8, a small motor pushes or pulls the doors and a large motor moves the cabin. Actuator output is commonly pressure that causes a push or pull and results in action.', 'text', '', null, '[]'::jsonb, '{}'::jsonb, ARRAY['systems.input', 'systems.output', 'itf.signals.types']::text[], 1, 'explanation', null)
on conflict (id) do update set
  lesson_id = excluded.lesson_id,
  milestone_id = excluded.milestone_id,
  position = excluded.position,
  title = excluded.title,
  activity_type = excluded.activity_type,
  stage = excluded.stage,
  prompt = excluded.prompt,
  response_mode = excluded.response_mode,
  starter_code = excluded.starter_code,
  expected_output = excluded.expected_output,
  choices = excluded.choices,
  rubric = excluded.rubric,
  skill_keys = excluded.skill_keys,
  pass_score = excluded.pass_score,
  mode = excluded.mode,
  mode_type = excluded.mode_type;

insert into public.lesson_activities (id, lesson_id, milestone_id, position, title, activity_type, stage, prompt, response_mode, starter_code, expected_output, choices, rubric, skill_keys, pass_score, mode, mode_type)
values ('itf-f-ch1-l2-s4', 'itf-f-ch1-l2', 'itf-f-ch1-l2-milestone', 4, 'Classify system parts', 'reflection', 'practice', 'Organize your answer into three groups. First classify each personal-computer device as input or output and name its signal form—sound, light, or pressure: microphone, keyboard, screen, mouse, camera, speaker, digitizer. Second classify the human parts skin, arms, eyes, legs, ears, and mouth as input or output. Third classify the elevator parts screen, door motor, cabin motor, cabin operating panel, and door infrared sensor as input or output. Explain the rule you used.', 'text', '', null, '[]'::jsonb, '{}'::jsonb, ARRAY['systems.input', 'systems.output', 'itf.signals.types']::text[], 1, 'reflection', null)
on conflict (id) do update set
  lesson_id = excluded.lesson_id,
  milestone_id = excluded.milestone_id,
  position = excluded.position,
  title = excluded.title,
  activity_type = excluded.activity_type,
  stage = excluded.stage,
  prompt = excluded.prompt,
  response_mode = excluded.response_mode,
  starter_code = excluded.starter_code,
  expected_output = excluded.expected_output,
  choices = excluded.choices,
  rubric = excluded.rubric,
  skill_keys = excluded.skill_keys,
  pass_score = excluded.pass_score,
  mode = excluded.mode,
  mode_type = excluded.mode_type;

insert into public.lesson_activities (id, lesson_id, milestone_id, position, title, activity_type, stage, prompt, response_mode, starter_code, expected_output, choices, rubric, skill_keys, pass_score, mode, mode_type)
values ('itf-f-ch1-l2-s5', 'itf-f-ch1-l2', 'itf-f-ch1-l2-milestone', 5, 'Apply the system model to a microwave', 'reflection', 'practice', 'A microwave oven heats food after a user enters a duration with buttons and dials on its operating panel and presses Start. A turn-tray then rotates while a microwave emitter radiates microwave energy; both stop when the entered duration is reached. Name the three parts mentioned, identify the input device, and identify the two output devices. Explain how the parts work together as one system.', 'text', '', null, '[]'::jsonb, '{}'::jsonb, ARRAY['systems.input', 'systems.process', 'systems.output']::text[], 1, 'reflection', null)
on conflict (id) do update set
  lesson_id = excluded.lesson_id,
  milestone_id = excluded.milestone_id,
  position = excluded.position,
  title = excluded.title,
  activity_type = excluded.activity_type,
  stage = excluded.stage,
  prompt = excluded.prompt,
  response_mode = excluded.response_mode,
  starter_code = excluded.starter_code,
  expected_output = excluded.expected_output,
  choices = excluded.choices,
  rubric = excluded.rubric,
  skill_keys = excluded.skill_keys,
  pass_score = excluded.pass_score,
  mode = excluded.mode,
  mode_type = excluded.mode_type;

insert into public.lesson_activities (id, lesson_id, milestone_id, position, title, activity_type, stage, prompt, response_mode, starter_code, expected_output, choices, rubric, skill_keys, pass_score, mode, mode_type)
values ('itf-f-ch1-l2-s6', 'itf-f-ch1-l2', 'itf-f-ch1-l2-milestone', 6, 'Check systems and signals', 'multiple_choice', 'assessment', 'Which summary is fully consistent with the lesson?', 'multiple_choice', '', null, '[{"id": "a", "text": "A system can be living or nonliving and has parts that work together to produce change. A signal is a message carried in physical form; sound and infrared light are signal forms. Input devices capture signals and actuators are output devices: for example, a microphone is sound input, a screen is light output, human skin is input, and an elevator door motor is output."}, {"id": "b", "text": "Only machines can be systems. Signals are messages without physical form. Input devices emit signals, and actuators are input devices."}, {"id": "c", "text": "A system cannot change input to output. Sound is a signal form, but infrared light is not. Actuators capture the user''s input."}, {"id": "d", "text": "A system is one part working alone. Input devices capture only light signals, and every output device must be a screen."}]'::jsonb, '{}'::jsonb, ARRAY['systems.input', 'systems.process', 'systems.output', 'itf.signals.types']::text[], 1, 'assessment', 'mcq')
on conflict (id) do update set
  lesson_id = excluded.lesson_id,
  milestone_id = excluded.milestone_id,
  position = excluded.position,
  title = excluded.title,
  activity_type = excluded.activity_type,
  stage = excluded.stage,
  prompt = excluded.prompt,
  response_mode = excluded.response_mode,
  starter_code = excluded.starter_code,
  expected_output = excluded.expected_output,
  choices = excluded.choices,
  rubric = excluded.rubric,
  skill_keys = excluded.skill_keys,
  pass_score = excluded.pass_score,
  mode = excluded.mode,
  mode_type = excluded.mode_type;

insert into public.quiz_items (id, lesson_id, milestone_id, activity_id, position, prompt, question_type, choices, correct_choice_ids, rubric, skill_keys, status)
values ('itf-f-ch1-l2-s6-quiz', 'itf-f-ch1-l2', 'itf-f-ch1-l2-milestone', 'itf-f-ch1-l2-s6', 6, 'Which summary is fully consistent with the lesson?', 'multiple_choice', '[{"id": "a", "text": "A system can be living or nonliving and has parts that work together to produce change. A signal is a message carried in physical form; sound and infrared light are signal forms. Input devices capture signals and actuators are output devices: for example, a microphone is sound input, a screen is light output, human skin is input, and an elevator door motor is output."}, {"id": "b", "text": "Only machines can be systems. Signals are messages without physical form. Input devices emit signals, and actuators are input devices."}, {"id": "c", "text": "A system cannot change input to output. Sound is a signal form, but infrared light is not. Actuators capture the user''s input."}, {"id": "d", "text": "A system is one part working alone. Input devices capture only light signals, and every output device must be a screen."}]'::jsonb, ARRAY['a']::text[], '{}'::jsonb, ARRAY['systems.input', 'systems.process', 'systems.output', 'itf.signals.types']::text[], 'published')
on conflict (id) do update set
  lesson_id = excluded.lesson_id,
  milestone_id = excluded.milestone_id,
  activity_id = excluded.activity_id,
  position = excluded.position,
  prompt = excluded.prompt,
  question_type = excluded.question_type,
  choices = excluded.choices,
  correct_choice_ids = excluded.correct_choice_ids,
  rubric = excluded.rubric,
  skill_keys = excluded.skill_keys,
  status = excluded.status,
  updated_at = now();

insert into public.lessons (id, position, title, tutor_prompt, sample_code, module, level, unit_id, unit_position, publication_status, help_ceiling, require_attempt_first, final_answer_policy, tutor_tone, tutor_pace, grade_band, curriculum_metadata)
values ('itf-f-ch1-l3', 103, 'Signal Processing', 'Guide the learner through the input-processing-output path by treating input and output devices as translators at the interface. Ask the learner to trace concrete signal paths and watch for confusion between outside-world signals, electronic signals, and human action potentials.', '', 'IT Frontiers', 'Beginner', 'itf-f-ch1', 3, 'published', 'guided', true, 'after_attempt', 'encouraging', 'guided', 'lower', '{"course_id": "itf-f", "course_version_id": "itf-f-v1", "lesson_type": "discussion"}'::jsonb)
on conflict (id) do update set
  position = excluded.position,
  title = excluded.title,
  tutor_prompt = excluded.tutor_prompt,
  sample_code = excluded.sample_code,
  module = excluded.module,
  level = excluded.level,
  unit_id = excluded.unit_id,
  unit_position = excluded.unit_position,
  publication_status = excluded.publication_status,
  help_ceiling = excluded.help_ceiling,
  require_attempt_first = excluded.require_attempt_first,
  final_answer_policy = excluded.final_answer_policy,
  tutor_tone = excluded.tutor_tone,
  tutor_pace = excluded.tutor_pace,
  grade_band = excluded.grade_band,
  curriculum_metadata = excluded.curriculum_metadata;

insert into public.milestones (id, lesson_id, position, title, objective, level, skill_keys, allowed_response_modes)
values ('itf-f-ch1-l3-milestone', 'itf-f-ch1-l3', 1, 'Signal translation and processing', 'Trace how input devices, a processor, and output devices translate and process signals across an interface.', 'Beginner', ARRAY['signals.conversion', 'systems.process']::text[], ARRAY['text', 'multiple_choice']::text[])
on conflict (id) do update set
  lesson_id = excluded.lesson_id,
  position = excluded.position,
  title = excluded.title,
  objective = excluded.objective,
  level = excluded.level,
  skill_keys = excluded.skill_keys,
  allowed_response_modes = excluded.allowed_response_modes,
  updated_at = now();

update public.lessons set milestone_id = 'itf-f-ch1-l3-milestone' where id = 'itf-f-ch1-l3';

insert into public.lesson_activities (id, lesson_id, milestone_id, position, title, activity_type, stage, prompt, response_mode, starter_code, expected_output, choices, rubric, skill_keys, pass_score, mode, mode_type)
values ('itf-f-ch1-l3-s1', 'itf-f-ch1-l3', 'itf-f-ch1-l3-milestone', 1, 'Translate signals for the processor', 'discussion', 'intro', 'Changing input signals to output signals is called processing, and it happens inside a computer in a part called the processor. Because the processor works on electricity, it understands only electronic signals—not the sound, light, and pressure signals of the outside world. Translation means changing a message from one language into another without changing its meaning. Input devices translate outside-world signals into electronic signals; output devices translate electronic signals back into outside-world signals. Each input or output device is specialized to translate a particular form of signal.', 'text', '', null, '[]'::jsonb, '{}'::jsonb, ARRAY['signals.conversion', 'systems.process']::text[], 1, 'explanation', null)
on conflict (id) do update set
  lesson_id = excluded.lesson_id,
  milestone_id = excluded.milestone_id,
  position = excluded.position,
  title = excluded.title,
  activity_type = excluded.activity_type,
  stage = excluded.stage,
  prompt = excluded.prompt,
  response_mode = excluded.response_mode,
  starter_code = excluded.starter_code,
  expected_output = excluded.expected_output,
  choices = excluded.choices,
  rubric = excluded.rubric,
  skill_keys = excluded.skill_keys,
  pass_score = excluded.pass_score,
  mode = excluded.mode,
  mode_type = excluded.mode_type;

insert into public.lesson_activities (id, lesson_id, milestone_id, position, title, activity_type, stage, prompt, response_mode, starter_code, expected_output, choices, rubric, skill_keys, pass_score, mode, mode_type)
values ('itf-f-ch1-l3-s2', 'itf-f-ch1-l3', 'itf-f-ch1-l3-milestone', 2, 'The interface and the processor', 'discussion', 'teach', 'The interface is the boundary between the outside world and the inside world of a computer, where signals are translated. All input and output devices form the user interface; the auditory interface translates sound and the visual interface translates light. All computer parts are called hardware. The processor is the hardware that changes input to output, so it is the computer''s central processing unit. In Example 3.1, Karl says, "Hey Siri!" The microphone translates that sound into electronic signals; the processor wakes Siri and sends an electronic message to the speaker; the speaker translates it into the sound "How can I help you?"', 'text', '', null, '[]'::jsonb, '{}'::jsonb, ARRAY['signals.conversion', 'systems.process']::text[], 1, 'explanation', null)
on conflict (id) do update set
  lesson_id = excluded.lesson_id,
  milestone_id = excluded.milestone_id,
  position = excluded.position,
  title = excluded.title,
  activity_type = excluded.activity_type,
  stage = excluded.stage,
  prompt = excluded.prompt,
  response_mode = excluded.response_mode,
  starter_code = excluded.starter_code,
  expected_output = excluded.expected_output,
  choices = excluded.choices,
  rubric = excluded.rubric,
  skill_keys = excluded.skill_keys,
  pass_score = excluded.pass_score,
  mode = excluded.mode,
  mode_type = excluded.mode_type;

insert into public.lesson_activities (id, lesson_id, milestone_id, position, title, activity_type, stage, prompt, response_mode, starter_code, expected_output, choices, rubric, skill_keys, pass_score, mode, mode_type)
values ('itf-f-ch1-l3-s3', 'itf-f-ch1-l3', 'itf-f-ch1-l3-milestone', 3, 'Humans and embedded computers process signals', 'discussion', 'teach', 'Humans have a brain instead of a processor. The brain also works with electricity, using action potential signals. Ears, eyes, and skin translate outside signals into action potentials, while the mouth, arms, and legs translate action potentials into sound or movement. Embedded computers use electronic signals and have input and output devices suited to their machines; actuators translate electronic signals into movement. In Example 3.2, an elevator''s operating panel and call button translate user input into electronic signals. The control module processes them, then makes the doors close and the cabin move; its screen and speakers can also produce output.', 'text', '', null, '[]'::jsonb, '{}'::jsonb, ARRAY['signals.conversion', 'systems.process']::text[], 1, 'explanation', null)
on conflict (id) do update set
  lesson_id = excluded.lesson_id,
  milestone_id = excluded.milestone_id,
  position = excluded.position,
  title = excluded.title,
  activity_type = excluded.activity_type,
  stage = excluded.stage,
  prompt = excluded.prompt,
  response_mode = excluded.response_mode,
  starter_code = excluded.starter_code,
  expected_output = excluded.expected_output,
  choices = excluded.choices,
  rubric = excluded.rubric,
  skill_keys = excluded.skill_keys,
  pass_score = excluded.pass_score,
  mode = excluded.mode,
  mode_type = excluded.mode_type;

insert into public.lesson_activities (id, lesson_id, milestone_id, position, title, activity_type, stage, prompt, response_mode, starter_code, expected_output, choices, rubric, skill_keys, pass_score, mode, mode_type)
values ('itf-f-ch1-l3-s4', 'itf-f-ch1-l3', 'itf-f-ch1-l3-milestone', 4, 'Trace five signal paths', 'reflection', 'practice', 'Write each path in order from input device, through the processor, to output device or actuator: (a) taking a friend''s picture so it appears on the screen; (b) saying "Hey Siri" and hearing "How can I help you?"; (c) clicking a mouse so an app starts on the screen; (d) touching a touchscreen so a video starts playing on its screen and speaker; and (e) pressing an elevator floor button so the doors close and the cabin moves up. Name every device in each path.', 'text', '', null, '[]'::jsonb, '{}'::jsonb, ARRAY['signals.conversion', 'systems.process']::text[], 1, 'reflection', null)
on conflict (id) do update set
  lesson_id = excluded.lesson_id,
  milestone_id = excluded.milestone_id,
  position = excluded.position,
  title = excluded.title,
  activity_type = excluded.activity_type,
  stage = excluded.stage,
  prompt = excluded.prompt,
  response_mode = excluded.response_mode,
  starter_code = excluded.starter_code,
  expected_output = excluded.expected_output,
  choices = excluded.choices,
  rubric = excluded.rubric,
  skill_keys = excluded.skill_keys,
  pass_score = excluded.pass_score,
  mode = excluded.mode,
  mode_type = excluded.mode_type;

insert into public.lesson_activities (id, lesson_id, milestone_id, position, title, activity_type, stage, prompt, response_mode, starter_code, expected_output, choices, rubric, skill_keys, pass_score, mode, mode_type)
values ('itf-f-ch1-l3-s5', 'itf-f-ch1-l3', 'itf-f-ch1-l3-milestone', 5, 'Identify signal translators', 'reflection', 'practice', 'Complete these identifications using the lesson''s device and body-part names. Name the two parts of the visual interface, the two parts of the auditory interface, and the two parts of a touchscreen. State which two stages—input or output—involve translation, which two human limbs perform an actuator-like function, and which two elevator parts have motors and are actuators. Using ear, camera, digitizer, screen, skin, and microphone once each, match these translations: sound to electronic signals; sound to action potentials; electronic to light; pressure to electronic; pressure to action potentials; light to electronic. Then use operating panel, infrared sensor, hand, mechanized cabin, mouth, and actuator once each for: pressure to electronic; infrared to electronic; action potentials to a hand movement; electronic signals to cabin movement; action potentials to sound; electronic signals to any movement.', 'text', '', null, '[]'::jsonb, '{}'::jsonb, ARRAY['signals.conversion', 'systems.process']::text[], 1, 'reflection', null)
on conflict (id) do update set
  lesson_id = excluded.lesson_id,
  milestone_id = excluded.milestone_id,
  position = excluded.position,
  title = excluded.title,
  activity_type = excluded.activity_type,
  stage = excluded.stage,
  prompt = excluded.prompt,
  response_mode = excluded.response_mode,
  starter_code = excluded.starter_code,
  expected_output = excluded.expected_output,
  choices = excluded.choices,
  rubric = excluded.rubric,
  skill_keys = excluded.skill_keys,
  pass_score = excluded.pass_score,
  mode = excluded.mode,
  mode_type = excluded.mode_type;

insert into public.lesson_activities (id, lesson_id, milestone_id, position, title, activity_type, stage, prompt, response_mode, starter_code, expected_output, choices, rubric, skill_keys, pass_score, mode, mode_type)
values ('itf-f-ch1-l3-s6', 'itf-f-ch1-l3', 'itf-f-ch1-l3-milestone', 6, 'Check translation and processing', 'multiple_choice', 'assessment', 'Which summary is fully correct?', 'multiple_choice', '', null, '[{"id": "a", "text": "A processor changes input to output and works with electronic signals. Input devices translate outside-world signals into electronic signals; output devices translate electronic signals outward; actuators translate electronic signals into movement. Embedded computers have processors, and translation happens at the interface."}, {"id": "b", "text": "A processor works only with light signals. Input devices translate electronic signals outward, while output devices cannot translate. Embedded computers do not have processors."}, {"id": "c", "text": "A processor captures every outside-world signal directly. An actuator is an input device, and the interface is located only inside the processor."}, {"id": "d", "text": "Processing happens outside the computer. The interface prevents translation, and a processor changes output back into input without using electronic signals."}]'::jsonb, '{}'::jsonb, ARRAY['signals.conversion', 'systems.process']::text[], 1, 'assessment', 'mcq')
on conflict (id) do update set
  lesson_id = excluded.lesson_id,
  milestone_id = excluded.milestone_id,
  position = excluded.position,
  title = excluded.title,
  activity_type = excluded.activity_type,
  stage = excluded.stage,
  prompt = excluded.prompt,
  response_mode = excluded.response_mode,
  starter_code = excluded.starter_code,
  expected_output = excluded.expected_output,
  choices = excluded.choices,
  rubric = excluded.rubric,
  skill_keys = excluded.skill_keys,
  pass_score = excluded.pass_score,
  mode = excluded.mode,
  mode_type = excluded.mode_type;

insert into public.quiz_items (id, lesson_id, milestone_id, activity_id, position, prompt, question_type, choices, correct_choice_ids, rubric, skill_keys, status)
values ('itf-f-ch1-l3-s6-quiz', 'itf-f-ch1-l3', 'itf-f-ch1-l3-milestone', 'itf-f-ch1-l3-s6', 6, 'Which summary is fully correct?', 'multiple_choice', '[{"id": "a", "text": "A processor changes input to output and works with electronic signals. Input devices translate outside-world signals into electronic signals; output devices translate electronic signals outward; actuators translate electronic signals into movement. Embedded computers have processors, and translation happens at the interface."}, {"id": "b", "text": "A processor works only with light signals. Input devices translate electronic signals outward, while output devices cannot translate. Embedded computers do not have processors."}, {"id": "c", "text": "A processor captures every outside-world signal directly. An actuator is an input device, and the interface is located only inside the processor."}, {"id": "d", "text": "Processing happens outside the computer. The interface prevents translation, and a processor changes output back into input without using electronic signals."}]'::jsonb, ARRAY['a']::text[], '{}'::jsonb, ARRAY['signals.conversion', 'systems.process']::text[], 'published')
on conflict (id) do update set
  lesson_id = excluded.lesson_id,
  milestone_id = excluded.milestone_id,
  activity_id = excluded.activity_id,
  position = excluded.position,
  prompt = excluded.prompt,
  question_type = excluded.question_type,
  choices = excluded.choices,
  correct_choice_ids = excluded.correct_choice_ids,
  rubric = excluded.rubric,
  skill_keys = excluded.skill_keys,
  status = excluded.status,
  updated_at = now();

insert into public.lessons (id, position, title, tutor_prompt, sample_code, module, level, unit_id, unit_position, publication_status, help_ceiling, require_attempt_first, final_answer_policy, tutor_tone, tutor_pace, grade_band, curriculum_metadata)
values ('itf-f-ch1-l4', 104, 'Memory', 'Use the saved-photo story to show why a computer needs both main memory and storage. Keep the distinctions concrete: main memory is limited and volatile, storage is larger and nonvolatile, and signals are copied rather than moved between them.', '', 'IT Frontiers', 'Beginner', 'itf-f-ch1', 4, 'published', 'guided', true, 'after_attempt', 'encouraging', 'guided', 'lower', '{"course_id": "itf-f", "course_version_id": "itf-f-v1", "lesson_type": "discussion"}'::jsonb)
on conflict (id) do update set
  position = excluded.position,
  title = excluded.title,
  tutor_prompt = excluded.tutor_prompt,
  sample_code = excluded.sample_code,
  module = excluded.module,
  level = excluded.level,
  unit_id = excluded.unit_id,
  unit_position = excluded.unit_position,
  publication_status = excluded.publication_status,
  help_ceiling = excluded.help_ceiling,
  require_attempt_first = excluded.require_attempt_first,
  final_answer_policy = excluded.final_answer_policy,
  tutor_tone = excluded.tutor_tone,
  tutor_pace = excluded.tutor_pace,
  grade_band = excluded.grade_band,
  curriculum_metadata = excluded.curriculum_metadata;

insert into public.milestones (id, lesson_id, position, title, objective, level, skill_keys, allowed_response_modes)
values ('itf-f-ch1-l4-milestone', 'itf-f-ch1-l4', 1, 'Main memory and storage', 'Explain how main memory and storage hold signals and distinguish volatile main memory from nonvolatile HDD and SSD storage.', 'Beginner', ARRAY['memory.storage']::text[], ARRAY['text', 'multiple_choice']::text[])
on conflict (id) do update set
  lesson_id = excluded.lesson_id,
  position = excluded.position,
  title = excluded.title,
  objective = excluded.objective,
  level = excluded.level,
  skill_keys = excluded.skill_keys,
  allowed_response_modes = excluded.allowed_response_modes,
  updated_at = now();

update public.lessons set milestone_id = 'itf-f-ch1-l4-milestone' where id = 'itf-f-ch1-l4';

insert into public.lesson_activities (id, lesson_id, milestone_id, position, title, activity_type, stage, prompt, response_mode, starter_code, expected_output, choices, rubric, skill_keys, pass_score, mode, mode_type)
values ('itf-f-ch1-l4-s1', 'itf-f-ch1-l4', 'itf-f-ch1-l4-milestone', 1, 'A holding place for signals', 'discussion', 'intro', 'Memory is the holding place of signals inside a computer. Input electronic signals wait there to be processed, and processed electronic signals wait there to become output. The memory module is the hardware dedicated to main memory, and its capacity limits how many signals it can hold. In Example 4.1, Leena''s tiny computer has only six places in memory. When all six are full, a new input signal has nowhere to go and must be dropped; the computer can accept it only after a place becomes available. If a memory module is too small, the system slows while it waits for room.', 'text', '', null, '[]'::jsonb, '{}'::jsonb, ARRAY['memory.storage']::text[], 1, 'explanation', null)
on conflict (id) do update set
  lesson_id = excluded.lesson_id,
  milestone_id = excluded.milestone_id,
  position = excluded.position,
  title = excluded.title,
  activity_type = excluded.activity_type,
  stage = excluded.stage,
  prompt = excluded.prompt,
  response_mode = excluded.response_mode,
  starter_code = excluded.starter_code,
  expected_output = excluded.expected_output,
  choices = excluded.choices,
  rubric = excluded.rubric,
  skill_keys = excluded.skill_keys,
  pass_score = excluded.pass_score,
  mode = excluded.mode,
  mode_type = excluded.mode_type;

insert into public.lesson_activities (id, lesson_id, milestone_id, position, title, activity_type, stage, prompt, response_mode, starter_code, expected_output, choices, rubric, skill_keys, pass_score, mode, mode_type)
values ('itf-f-ch1-l4-s2', 'itf-f-ch1-l4', 'itf-f-ch1-l4-milestone', 2, 'Main memory works with storage', 'discussion', 'teach', 'Storage is a form of memory, but it is much larger than main memory. Signals that need to stay in the computer but do not need processing are sent to storage, freeing main memory for signals that do need processing. In Example 4.2, Leena takes a photograph. The camera translates light into electronic signals and sends them to main memory; a copy is processed, placed back in main memory, and sent to the screen so she can see it. When she saves the photograph, a copy of its signals is sent from main memory to storage before she powers off the smartphone.', 'text', '', null, '[]'::jsonb, '{}'::jsonb, ARRAY['memory.storage']::text[], 1, 'explanation', null)
on conflict (id) do update set
  lesson_id = excluded.lesson_id,
  milestone_id = excluded.milestone_id,
  position = excluded.position,
  title = excluded.title,
  activity_type = excluded.activity_type,
  stage = excluded.stage,
  prompt = excluded.prompt,
  response_mode = excluded.response_mode,
  starter_code = excluded.starter_code,
  expected_output = excluded.expected_output,
  choices = excluded.choices,
  rubric = excluded.rubric,
  skill_keys = excluded.skill_keys,
  pass_score = excluded.pass_score,
  mode = excluded.mode,
  mode_type = excluded.mode_type;

insert into public.lesson_activities (id, lesson_id, milestone_id, position, title, activity_type, stage, prompt, response_mode, starter_code, expected_output, choices, rubric, skill_keys, pass_score, mode, mode_type)
values ('itf-f-ch1-l4-s3', 'itf-f-ch1-l4', 'itf-f-ch1-l4-milestone', 3, 'Save, power off, and retrieve', 'discussion', 'teach', 'Signals in storage stay after a computer is powered off, while signals in main memory are lost. When Leena powers on her phone later and selects the photograph''s thumbnail, the stored signals are copied to main memory, processed, and sent as output to the screen, so she sees the photograph again. Signals transferred between main memory and storage are copied, not moved: summoning a signal from storage leaves the original safe in storage. Main memory is therefore volatile—it loses its signals without power—while storage is nonvolatile.', 'text', '', null, '[]'::jsonb, '{}'::jsonb, ARRAY['memory.storage']::text[], 1, 'explanation', null)
on conflict (id) do update set
  lesson_id = excluded.lesson_id,
  milestone_id = excluded.milestone_id,
  position = excluded.position,
  title = excluded.title,
  activity_type = excluded.activity_type,
  stage = excluded.stage,
  prompt = excluded.prompt,
  response_mode = excluded.response_mode,
  starter_code = excluded.starter_code,
  expected_output = excluded.expected_output,
  choices = excluded.choices,
  rubric = excluded.rubric,
  skill_keys = excluded.skill_keys,
  pass_score = excluded.pass_score,
  mode = excluded.mode,
  mode_type = excluded.mode_type;

insert into public.lesson_activities (id, lesson_id, milestone_id, position, title, activity_type, stage, prompt, response_mode, starter_code, expected_output, choices, rubric, skill_keys, pass_score, mode, mode_type)
values ('itf-f-ch1-l4-s4', 'itf-f-ch1-l4', 'itf-f-ch1-l4-milestone', 4, 'HDD and SSD storage', 'discussion', 'teach', 'Storage is performed by a drive. The two drive types are the hard disk drive (HDD) and the solid state drive (SSD), and both provide nonvolatile storage. An HDD uses magnetic rotating disks, while an SSD uses electronic microchips. Magnetic disks need more space and are heavier than microchips, so an HDD is larger and heavier, while an SSD is smaller and lighter. The SSD is based on electronic technology; the HDD is based on magnetic technology.', 'text', '', null, '[]'::jsonb, '{}'::jsonb, ARRAY['memory.storage']::text[], 1, 'explanation', null)
on conflict (id) do update set
  lesson_id = excluded.lesson_id,
  milestone_id = excluded.milestone_id,
  position = excluded.position,
  title = excluded.title,
  activity_type = excluded.activity_type,
  stage = excluded.stage,
  prompt = excluded.prompt,
  response_mode = excluded.response_mode,
  starter_code = excluded.starter_code,
  expected_output = excluded.expected_output,
  choices = excluded.choices,
  rubric = excluded.rubric,
  skill_keys = excluded.skill_keys,
  pass_score = excluded.pass_score,
  mode = excluded.mode,
  mode_type = excluded.mode_type;

insert into public.lesson_activities (id, lesson_id, milestone_id, position, title, activity_type, stage, prompt, response_mode, starter_code, expected_output, choices, rubric, skill_keys, pass_score, mode, mode_type)
values ('itf-f-ch1-l4-s5', 'itf-f-ch1-l4', 'itf-f-ch1-l4-milestone', 5, 'Match memory actions to diagrams', 'reflection', 'practice', 'The book gives three diagram descriptions: [1] a copy is sent from storage to main memory; [2] a copy is sent from main memory to storage; [3] main memory is empty while storage still holds signals. Match each situation to diagram 1, 2, or 3: turning off a computer; saving an edited photograph; clicking a photograph thumbnail to see it. Explain why each match follows the rules for main memory and storage.', 'text', '', null, '[]'::jsonb, '{}'::jsonb, ARRAY['memory.storage']::text[], 1, 'reflection', null)
on conflict (id) do update set
  lesson_id = excluded.lesson_id,
  milestone_id = excluded.milestone_id,
  position = excluded.position,
  title = excluded.title,
  activity_type = excluded.activity_type,
  stage = excluded.stage,
  prompt = excluded.prompt,
  response_mode = excluded.response_mode,
  starter_code = excluded.starter_code,
  expected_output = excluded.expected_output,
  choices = excluded.choices,
  rubric = excluded.rubric,
  skill_keys = excluded.skill_keys,
  pass_score = excluded.pass_score,
  mode = excluded.mode,
  mode_type = excluded.mode_type;

insert into public.lesson_activities (id, lesson_id, milestone_id, position, title, activity_type, stage, prompt, response_mode, starter_code, expected_output, choices, rubric, skill_keys, pass_score, mode, mode_type)
values ('itf-f-ch1-l4-s6', 'itf-f-ch1-l4', 'itf-f-ch1-l4-milestone', 6, 'Check memory and drives', 'multiple_choice', 'assessment', 'Which summary is fully correct?', 'multiple_choice', '', null, '[{"id": "a", "text": "Memory holds signals, and main memory and storage are both parts of computer memory. Storage is larger and nonvolatile, preserves original signals because transfers are copies, and is performed by drives. HDDs use magnetic disks and are larger and heavier; SSDs use electronic microchips and are smaller and lighter."}, {"id": "b", "text": "Main memory is larger than storage and keeps its signals after power is off. Signals are moved out of storage, so no original remains. SSDs use magnetic disks."}, {"id": "c", "text": "Storage is volatile and is not part of computer memory. HDDs use electronic microchips and are smaller and lighter than SSDs."}, {"id": "d", "text": "Memory does not hold signals. Storage is performed by the processor, and turning off a computer empties both main memory and storage."}]'::jsonb, '{}'::jsonb, ARRAY['memory.storage']::text[], 1, 'assessment', 'mcq')
on conflict (id) do update set
  lesson_id = excluded.lesson_id,
  milestone_id = excluded.milestone_id,
  position = excluded.position,
  title = excluded.title,
  activity_type = excluded.activity_type,
  stage = excluded.stage,
  prompt = excluded.prompt,
  response_mode = excluded.response_mode,
  starter_code = excluded.starter_code,
  expected_output = excluded.expected_output,
  choices = excluded.choices,
  rubric = excluded.rubric,
  skill_keys = excluded.skill_keys,
  pass_score = excluded.pass_score,
  mode = excluded.mode,
  mode_type = excluded.mode_type;

insert into public.quiz_items (id, lesson_id, milestone_id, activity_id, position, prompt, question_type, choices, correct_choice_ids, rubric, skill_keys, status)
values ('itf-f-ch1-l4-s6-quiz', 'itf-f-ch1-l4', 'itf-f-ch1-l4-milestone', 'itf-f-ch1-l4-s6', 6, 'Which summary is fully correct?', 'multiple_choice', '[{"id": "a", "text": "Memory holds signals, and main memory and storage are both parts of computer memory. Storage is larger and nonvolatile, preserves original signals because transfers are copies, and is performed by drives. HDDs use magnetic disks and are larger and heavier; SSDs use electronic microchips and are smaller and lighter."}, {"id": "b", "text": "Main memory is larger than storage and keeps its signals after power is off. Signals are moved out of storage, so no original remains. SSDs use magnetic disks."}, {"id": "c", "text": "Storage is volatile and is not part of computer memory. HDDs use electronic microchips and are smaller and lighter than SSDs."}, {"id": "d", "text": "Memory does not hold signals. Storage is performed by the processor, and turning off a computer empties both main memory and storage."}]'::jsonb, ARRAY['a']::text[], '{}'::jsonb, ARRAY['memory.storage']::text[], 'published')
on conflict (id) do update set
  lesson_id = excluded.lesson_id,
  milestone_id = excluded.milestone_id,
  activity_id = excluded.activity_id,
  position = excluded.position,
  prompt = excluded.prompt,
  question_type = excluded.question_type,
  choices = excluded.choices,
  correct_choice_ids = excluded.correct_choice_ids,
  rubric = excluded.rubric,
  skill_keys = excluded.skill_keys,
  status = excluded.status,
  updated_at = now();

insert into public.lessons (id, position, title, tutor_prompt, sample_code, module, level, unit_id, unit_position, publication_status, help_ceiling, require_attempt_first, final_answer_policy, tutor_tone, tutor_pace, grade_band, curriculum_metadata)
values ('itf-f-ch1-l5', 105, 'Exchanging Signals', 'Guide the learner from the two conditions for exchanging signals to human-computer, Bluetooth, wired, wireless, and Internet interfaces. Use Sarah''s examples as one continuous story and ask the learner to identify systems, access points, signal forms, and interface types before confirming them.', '', 'IT Frontiers', 'Beginner', 'itf-f-ch1', 5, 'published', 'guided', true, 'after_attempt', 'encouraging', 'guided', 'lower', '{"course_id": "itf-f", "course_version_id": "itf-f-v1", "lesson_type": "discussion"}'::jsonb)
on conflict (id) do update set
  position = excluded.position,
  title = excluded.title,
  tutor_prompt = excluded.tutor_prompt,
  sample_code = excluded.sample_code,
  module = excluded.module,
  level = excluded.level,
  unit_id = excluded.unit_id,
  unit_position = excluded.unit_position,
  publication_status = excluded.publication_status,
  help_ceiling = excluded.help_ceiling,
  require_attempt_first = excluded.require_attempt_first,
  final_answer_policy = excluded.final_answer_policy,
  tutor_tone = excluded.tutor_tone,
  tutor_pace = excluded.tutor_pace,
  grade_band = excluded.grade_band,
  curriculum_metadata = excluded.curriculum_metadata;

insert into public.milestones (id, lesson_id, position, title, objective, level, skill_keys, allowed_response_modes)
values ('itf-f-ch1-l5-milestone', 'itf-f-ch1-l5', 1, 'Interfaces for exchanging signals', 'Trace how systems exchange signals across human-computer, wireless, wired, and Internet interfaces.', 'Beginner', ARRAY['signals.exchange', 'systems.output']::text[], ARRAY['text', 'multiple_choice']::text[])
on conflict (id) do update set
  lesson_id = excluded.lesson_id,
  position = excluded.position,
  title = excluded.title,
  objective = excluded.objective,
  level = excluded.level,
  skill_keys = excluded.skill_keys,
  allowed_response_modes = excluded.allowed_response_modes,
  updated_at = now();

update public.lessons set milestone_id = 'itf-f-ch1-l5-milestone' where id = 'itf-f-ch1-l5';

insert into public.lesson_activities (id, lesson_id, milestone_id, position, title, activity_type, stage, prompt, response_mode, starter_code, expected_output, choices, rubric, skill_keys, pass_score, mode, mode_type)
values ('itf-f-ch1-l5-s1', 'itf-f-ch1-l5', 'itf-f-ch1-l5-milestone', 1, 'Exchange signals across an interface', 'discussion', 'intro', 'Systems can exchange signals across an interface. Two conditions must be satisfied: signals must be able to travel between the systems, and both systems must be able to translate the signals sent back and forth. The human-computer interface, also called the user interface, lets humans and computers exchange sound, light, and pressure signals even though humans think with action potentials and computers process electronic signals. In the book''s misnumbered Example 4.1, Sarah presses her tablet touchscreen; pressure becomes electronic input, the video starts, and its light and sound travel back to her eyes and ears and become action potentials.', 'text', '', null, '[]'::jsonb, '{}'::jsonb, ARRAY['signals.exchange', 'systems.output']::text[], 1, 'explanation', null)
on conflict (id) do update set
  lesson_id = excluded.lesson_id,
  milestone_id = excluded.milestone_id,
  position = excluded.position,
  title = excluded.title,
  activity_type = excluded.activity_type,
  stage = excluded.stage,
  prompt = excluded.prompt,
  response_mode = excluded.response_mode,
  starter_code = excluded.starter_code,
  expected_output = excluded.expected_output,
  choices = excluded.choices,
  rubric = excluded.rubric,
  skill_keys = excluded.skill_keys,
  pass_score = excluded.pass_score,
  mode = excluded.mode,
  mode_type = excluded.mode_type;

insert into public.lesson_activities (id, lesson_id, milestone_id, position, title, activity_type, stage, prompt, response_mode, starter_code, expected_output, choices, rubric, skill_keys, pass_score, mode, mode_type)
values ('itf-f-ch1-l5-s2', 'itf-f-ch1-l5', 'itf-f-ch1-l5-milestone', 2, 'Radio waves and Bluetooth', 'discussion', 'teach', 'Computers can exchange radio waves, which travel in all directions and can be sensed and emitted by computers but not by humans. An antenna is both an input and output device: it translates radio waves to electronic signals and electronic signals to radio waves. Bluetooth carries signals over short distances, up to about 10 meters. In Example 4.2, Sarah sends a photograph from smartphone to desktop; the phone sends a copied signal as radio waves and the desktop translates it back. Examples 4.3, 4.4, and 4.5 show her phone exchanging Bluetooth signals with embedded computers in earphones, a smart television, and a car so music or video can play through those devices.', 'text', '', null, '[]'::jsonb, '{}'::jsonb, ARRAY['signals.exchange', 'systems.output']::text[], 1, 'explanation', null)
on conflict (id) do update set
  lesson_id = excluded.lesson_id,
  milestone_id = excluded.milestone_id,
  position = excluded.position,
  title = excluded.title,
  activity_type = excluded.activity_type,
  stage = excluded.stage,
  prompt = excluded.prompt,
  response_mode = excluded.response_mode,
  starter_code = excluded.starter_code,
  expected_output = excluded.expected_output,
  choices = excluded.choices,
  rubric = excluded.rubric,
  skill_keys = excluded.skill_keys,
  pass_score = excluded.pass_score,
  mode = excluded.mode,
  mode_type = excluded.mode_type;

insert into public.lesson_activities (id, lesson_id, milestone_id, position, title, activity_type, stage, prompt, response_mode, starter_code, expected_output, choices, rubric, skill_keys, pass_score, mode, mode_type)
values ('itf-f-ch1-l5-s3', 'itf-f-ch1-l5', 'itf-f-ch1-l5-milestone', 3, 'The Internet bridges long distances', 'discussion', 'teach', 'The Internet is a large system whose parts carry signals between computers across long distances. WiFi is found in all four personal-computer types; its antennas exchange radio waves with a gateway device across about 100 meters. Cellular antennas exchange radio waves with a cell tower across about 1,000 meters and are found only in smartphones and a few select tablets. Gateway devices and cell towers are Internet access points. Network cables carry network electronic signals, and a network port translates between those signals and the internal electronic signals arranged differently inside a computer. Wired interfaces use cables and electronic signals; wireless interfaces use antennas and radio waves through the air. In Example 4.6, Sarah is away from her home gateway, so she requests a YouTube video through a cellular tower. The Internet delivers the request to a server through a wired interface; the server copies the video''s stored signals and returns them through the Internet and tower to her smartphone.', 'text', '', null, '[]'::jsonb, '{}'::jsonb, ARRAY['signals.exchange', 'systems.output']::text[], 1, 'explanation', null)
on conflict (id) do update set
  lesson_id = excluded.lesson_id,
  milestone_id = excluded.milestone_id,
  position = excluded.position,
  title = excluded.title,
  activity_type = excluded.activity_type,
  stage = excluded.stage,
  prompt = excluded.prompt,
  response_mode = excluded.response_mode,
  starter_code = excluded.starter_code,
  expected_output = excluded.expected_output,
  choices = excluded.choices,
  rubric = excluded.rubric,
  skill_keys = excluded.skill_keys,
  pass_score = excluded.pass_score,
  mode = excluded.mode,
  mode_type = excluded.mode_type;

insert into public.lesson_activities (id, lesson_id, milestone_id, position, title, activity_type, stage, prompt, response_mode, starter_code, expected_output, choices, rubric, skill_keys, pass_score, mode, mode_type)
values ('itf-f-ch1-l5-s4', 'itf-f-ch1-l5', 'itf-f-ch1-l5-milestone', 4, 'Choose systems and wireless technologies', 'reflection', 'practice', 'Classify each exchange as personal-computer with server through the Internet, personal-computer with personal-computer, or personal-computer with embedded-computer: playing phone music through car speakers; using a tablet to search Google; sending a tablet photograph to a desktop; showing a tablet movie on a smart television; watching YouTube on a laptop. Then rank Bluetooth, WiFi, and cellular from shortest to longest useful distance. Finally name the wireless technology or technologies that fit each case: phone-to-laptop photograph transfer; desktop watching YouTube; smartphone watching YouTube; laptop searching Google; laptop playing music through earphones.', 'text', '', null, '[]'::jsonb, '{}'::jsonb, ARRAY['signals.exchange']::text[], 1, 'reflection', null)
on conflict (id) do update set
  lesson_id = excluded.lesson_id,
  milestone_id = excluded.milestone_id,
  position = excluded.position,
  title = excluded.title,
  activity_type = excluded.activity_type,
  stage = excluded.stage,
  prompt = excluded.prompt,
  response_mode = excluded.response_mode,
  starter_code = excluded.starter_code,
  expected_output = excluded.expected_output,
  choices = excluded.choices,
  rubric = excluded.rubric,
  skill_keys = excluded.skill_keys,
  pass_score = excluded.pass_score,
  mode = excluded.mode,
  mode_type = excluded.mode_type;

insert into public.lesson_activities (id, lesson_id, milestone_id, position, title, activity_type, stage, prompt, response_mode, starter_code, expected_output, choices, rubric, skill_keys, pass_score, mode, mode_type)
values ('itf-f-ch1-l5-s5', 'itf-f-ch1-l5', 'itf-f-ch1-l5-milestone', 5, 'Trace a YouTube exchange', 'reflection', 'practice', 'Answer the interface questions in two parts. First name the human-computer interface; state the two conditions needed for two systems to exchange signals; explain why the Internet is a system and its purpose; name its two access-point devices and which one can provide wired and wireless access; and state what signals antennas and network ports exchange and what those signals travel through. Then trace this case: "I watched a YouTube video on my smartphone while going to the mall in the car." Identify Computer 1 and Computer 2, the wired and wireless interfaces, each access point, and the signal form that bridges each interface.', 'text', '', null, '[]'::jsonb, '{}'::jsonb, ARRAY['signals.exchange', 'systems.output']::text[], 1, 'reflection', null)
on conflict (id) do update set
  lesson_id = excluded.lesson_id,
  milestone_id = excluded.milestone_id,
  position = excluded.position,
  title = excluded.title,
  activity_type = excluded.activity_type,
  stage = excluded.stage,
  prompt = excluded.prompt,
  response_mode = excluded.response_mode,
  starter_code = excluded.starter_code,
  expected_output = excluded.expected_output,
  choices = excluded.choices,
  rubric = excluded.rubric,
  skill_keys = excluded.skill_keys,
  pass_score = excluded.pass_score,
  mode = excluded.mode,
  mode_type = excluded.mode_type;

insert into public.lesson_activities (id, lesson_id, milestone_id, position, title, activity_type, stage, prompt, response_mode, starter_code, expected_output, choices, rubric, skill_keys, pass_score, mode, mode_type)
values ('itf-f-ch1-l5-s6', 'itf-f-ch1-l5', 'itf-f-ch1-l5-milestone', 6, 'Check interfaces and access points', 'multiple_choice', 'assessment', 'Which summary is fully correct?', 'multiple_choice', '', null, '[{"id": "a", "text": "Two systems can exchange signals when signals can travel between them and both can translate them; this includes humans with computers and personal computers with embedded computers. Computers exchange copies. The Internet is a system connecting personal computers with servers; gateway devices and cell towers are access points. Bluetooth and WiFi are wireless radio-wave technologies, a gateway can provide wired and wireless access, and WiFi and cellular can interface with the Internet. Wired interfaces use cables and electronic signals; wireless interfaces use antennas and radio waves. Cellular antennas are found in smartphones and some tablets."}, {"id": "b", "text": "Signals do not need to travel across an interface. Computers exchange their only original signals. Bluetooth is wired, and neither gateway devices nor cell towers provide Internet access."}, {"id": "c", "text": "Humans cannot exchange signals with computers. Embedded computers cannot exchange with personal computers. WiFi uses network cables only, and cellular is used only for direct Bluetooth transfers."}, {"id": "d", "text": "The Internet is not a system. A gateway device can provide only a wired interface, while cell towers exchange signals through network cables with every desktop and laptop."}]'::jsonb, '{}'::jsonb, ARRAY['signals.exchange', 'systems.output']::text[], 1, 'assessment', 'mcq')
on conflict (id) do update set
  lesson_id = excluded.lesson_id,
  milestone_id = excluded.milestone_id,
  position = excluded.position,
  title = excluded.title,
  activity_type = excluded.activity_type,
  stage = excluded.stage,
  prompt = excluded.prompt,
  response_mode = excluded.response_mode,
  starter_code = excluded.starter_code,
  expected_output = excluded.expected_output,
  choices = excluded.choices,
  rubric = excluded.rubric,
  skill_keys = excluded.skill_keys,
  pass_score = excluded.pass_score,
  mode = excluded.mode,
  mode_type = excluded.mode_type;

insert into public.quiz_items (id, lesson_id, milestone_id, activity_id, position, prompt, question_type, choices, correct_choice_ids, rubric, skill_keys, status)
values ('itf-f-ch1-l5-s6-quiz', 'itf-f-ch1-l5', 'itf-f-ch1-l5-milestone', 'itf-f-ch1-l5-s6', 6, 'Which summary is fully correct?', 'multiple_choice', '[{"id": "a", "text": "Two systems can exchange signals when signals can travel between them and both can translate them; this includes humans with computers and personal computers with embedded computers. Computers exchange copies. The Internet is a system connecting personal computers with servers; gateway devices and cell towers are access points. Bluetooth and WiFi are wireless radio-wave technologies, a gateway can provide wired and wireless access, and WiFi and cellular can interface with the Internet. Wired interfaces use cables and electronic signals; wireless interfaces use antennas and radio waves. Cellular antennas are found in smartphones and some tablets."}, {"id": "b", "text": "Signals do not need to travel across an interface. Computers exchange their only original signals. Bluetooth is wired, and neither gateway devices nor cell towers provide Internet access."}, {"id": "c", "text": "Humans cannot exchange signals with computers. Embedded computers cannot exchange with personal computers. WiFi uses network cables only, and cellular is used only for direct Bluetooth transfers."}, {"id": "d", "text": "The Internet is not a system. A gateway device can provide only a wired interface, while cell towers exchange signals through network cables with every desktop and laptop."}]'::jsonb, ARRAY['a']::text[], '{}'::jsonb, ARRAY['signals.exchange', 'systems.output']::text[], 'published')
on conflict (id) do update set
  lesson_id = excluded.lesson_id,
  milestone_id = excluded.milestone_id,
  activity_id = excluded.activity_id,
  position = excluded.position,
  prompt = excluded.prompt,
  question_type = excluded.question_type,
  choices = excluded.choices,
  correct_choice_ids = excluded.correct_choice_ids,
  rubric = excluded.rubric,
  skill_keys = excluded.skill_keys,
  status = excluded.status,
  updated_at = now();

insert into public.units (id, course_version_id, position, title, description)
values ('itf-f-ch2', 'itf-f-v1', 2, 'Computer Design', 'How performance, electrical energy, and portability shape the design and use of computers.')
on conflict (id) do update set
  course_version_id = excluded.course_version_id,
  position = excluded.position,
  title = excluded.title,
  description = excluded.description,
  updated_at = now();

insert into public.lessons (id, position, title, tutor_prompt, sample_code, module, level, unit_id, unit_position, publication_status, help_ceiling, require_attempt_first, final_answer_policy, tutor_tone, tutor_pace, grade_band, curriculum_metadata)
values ('itf-f-ch2-l1', 106, 'Performance', 'Guide the learner from the idea of fast input-to-output processing to two careful comparisons: clock rate when core count is fixed, and core count when clock rate is fixed. Watch for the misconception that twice as many cores always means exactly twice the speed.', '', 'IT Frontiers', 'Beginner', 'itf-f-ch2', 1, 'published', 'guided', true, 'after_attempt', 'encouraging', 'guided', 'lower', '{"course_id": "itf-f", "course_version_id": "itf-f-v1", "lesson_type": "discussion"}'::jsonb)
on conflict (id) do update set
  position = excluded.position,
  title = excluded.title,
  tutor_prompt = excluded.tutor_prompt,
  sample_code = excluded.sample_code,
  module = excluded.module,
  level = excluded.level,
  unit_id = excluded.unit_id,
  unit_position = excluded.unit_position,
  publication_status = excluded.publication_status,
  help_ceiling = excluded.help_ceiling,
  require_attempt_first = excluded.require_attempt_first,
  final_answer_policy = excluded.final_answer_policy,
  tutor_tone = excluded.tutor_tone,
  tutor_pace = excluded.tutor_pace,
  grade_band = excluded.grade_band,
  curriculum_metadata = excluded.curriculum_metadata;

insert into public.milestones (id, lesson_id, position, title, objective, level, skill_keys, allowed_response_modes)
values ('itf-f-ch2-l1-milestone', 'itf-f-ch2-l1', 1, 'Computer performance', 'Explain computer performance as the speed of processing, describe how the clock starts input-output cycles, and compare performance using clock rate and core count.', 'Beginner', ARRAY['itf.hardware.performance']::text[], ARRAY['text', 'multiple_choice']::text[])
on conflict (id) do update set
  lesson_id = excluded.lesson_id,
  position = excluded.position,
  title = excluded.title,
  objective = excluded.objective,
  level = excluded.level,
  skill_keys = excluded.skill_keys,
  allowed_response_modes = excluded.allowed_response_modes,
  updated_at = now();

update public.lessons set milestone_id = 'itf-f-ch2-l1-milestone' where id = 'itf-f-ch2-l1';

insert into public.lesson_activities (id, lesson_id, milestone_id, position, title, activity_type, stage, prompt, response_mode, starter_code, expected_output, choices, rubric, skill_keys, pass_score, mode, mode_type)
values ('itf-f-ch2-l1-s1', 'itf-f-ch2-l1', 'itf-f-ch2-l1-milestone', 1, 'From input to output', 'discussion', 'intro', 'Performance refers to how fast a computer works. More specifically, it is the speed of processing: how quickly the computer changes input to output. The processor is the part of the computer where input is changed to output. Every input-output cycle is initiated by the clock. As Example 1.1 shows, a CPU contains a processor and a clock; input signals wait until the clock sends a "Go" signal before entering the processor.', 'text', '', null, '[]'::jsonb, '{}'::jsonb, ARRAY['itf.hardware.performance']::text[], 1, 'explanation', null)
on conflict (id) do update set
  lesson_id = excluded.lesson_id,
  milestone_id = excluded.milestone_id,
  position = excluded.position,
  title = excluded.title,
  activity_type = excluded.activity_type,
  stage = excluded.stage,
  prompt = excluded.prompt,
  response_mode = excluded.response_mode,
  starter_code = excluded.starter_code,
  expected_output = excluded.expected_output,
  choices = excluded.choices,
  rubric = excluded.rubric,
  skill_keys = excluded.skill_keys,
  pass_score = excluded.pass_score,
  mode = excluded.mode,
  mode_type = excluded.mode_type;

insert into public.lesson_activities (id, lesson_id, milestone_id, position, title, activity_type, stage, prompt, response_mode, starter_code, expected_output, choices, rubric, skill_keys, pass_score, mode, mode_type)
values ('itf-f-ch2-l1-s2', 'itf-f-ch2-l1', 'itf-f-ch2-l1-milestone', 2, 'Clock rate', 'discussion', 'teach', 'One way to measure performance is to count how many input-output cycles a processor can execute in one second. Because the clock controls those cycles, its speed helps determine the processor''s speed. This speed is the clock rate, measured in Hertz (Hz). In Example 1.2, a clock that signals "Go" 8 times per second lets the processor execute 8 cycles per second, so its clock rate is 8 Hz. Modern processors execute billions of cycles per second. Giga means billion, so a 2 GHz processor executes 2 billion input-output cycles per second.', 'text', '', null, '[]'::jsonb, '{}'::jsonb, ARRAY['itf.hardware.performance']::text[], 1, 'explanation', null)
on conflict (id) do update set
  lesson_id = excluded.lesson_id,
  milestone_id = excluded.milestone_id,
  position = excluded.position,
  title = excluded.title,
  activity_type = excluded.activity_type,
  stage = excluded.stage,
  prompt = excluded.prompt,
  response_mode = excluded.response_mode,
  starter_code = excluded.starter_code,
  expected_output = excluded.expected_output,
  choices = excluded.choices,
  rubric = excluded.rubric,
  skill_keys = excluded.skill_keys,
  pass_score = excluded.pass_score,
  mode = excluded.mode,
  mode_type = excluded.mode_type;

insert into public.lesson_activities (id, lesson_id, milestone_id, position, title, activity_type, stage, prompt, response_mode, starter_code, expected_output, choices, rubric, skill_keys, pass_score, mode, mode_type)
values ('itf-f-ch2-l1-s3', 'itf-f-ch2-l1', 'itf-f-ch2-l1-milestone', 3, 'Ahmed compares clock rates', 'discussion', 'teach', 'One way to improve performance is to manufacture a CPU with a faster clock rate. In Example 1.3, Ahmed wants a computer that performs better than his old 1 GHz desktop. At the store he compares a laptop with a 3 GHz clock rate and a desktop with a 2 GHz clock rate. He chooses the laptop because its clock rate is fastest in this comparison, so its performance should be better.', 'text', '', null, '[]'::jsonb, '{}'::jsonb, ARRAY['itf.hardware.performance']::text[], 1, 'explanation', null)
on conflict (id) do update set
  lesson_id = excluded.lesson_id,
  milestone_id = excluded.milestone_id,
  position = excluded.position,
  title = excluded.title,
  activity_type = excluded.activity_type,
  stage = excluded.stage,
  prompt = excluded.prompt,
  response_mode = excluded.response_mode,
  starter_code = excluded.starter_code,
  expected_output = excluded.expected_output,
  choices = excluded.choices,
  rubric = excluded.rubric,
  skill_keys = excluded.skill_keys,
  pass_score = excluded.pass_score,
  mode = excluded.mode,
  mode_type = excluded.mode_type;

insert into public.lesson_activities (id, lesson_id, milestone_id, position, title, activity_type, stage, prompt, response_mode, starter_code, expected_output, choices, rubric, skill_keys, pass_score, mode, mode_type)
values ('itf-f-ch2-l1-s4', 'itf-f-ch2-l1', 'itf-f-ch2-l1-milestone', 4, 'Compare core count fairly', 'discussion', 'teach', 'Another way to improve performance is to manufacture a CPU with more processors, called cores. In Example 1.4, Ahmed notices another laptop that looks exactly the same and also runs at 3 GHz, but one laptop has a single-core CPU and the other has a quad-core CPU. At the same clock rate, the quad-core CPU should be faster. Example 1.5 compares one, two, and four cores while keeping the rate at 2 GHz; more cores should be faster. Example 1.6 keeps two cores and compares 1, 2, and 3 GHz; the faster clock rate should be faster. A dual-core CPU is not necessarily exactly twice as fast as a single-core CPU, and a quad-core CPU is not necessarily exactly four times as fast.', 'text', '', null, '[]'::jsonb, '{}'::jsonb, ARRAY['itf.hardware.performance']::text[], 1, 'explanation', null)
on conflict (id) do update set
  lesson_id = excluded.lesson_id,
  milestone_id = excluded.milestone_id,
  position = excluded.position,
  title = excluded.title,
  activity_type = excluded.activity_type,
  stage = excluded.stage,
  prompt = excluded.prompt,
  response_mode = excluded.response_mode,
  starter_code = excluded.starter_code,
  expected_output = excluded.expected_output,
  choices = excluded.choices,
  rubric = excluded.rubric,
  skill_keys = excluded.skill_keys,
  pass_score = excluded.pass_score,
  mode = excluded.mode,
  mode_type = excluded.mode_type;

insert into public.lesson_activities (id, lesson_id, milestone_id, position, title, activity_type, stage, prompt, response_mode, starter_code, expected_output, choices, rubric, skill_keys, pass_score, mode, mode_type)
values ('itf-f-ch2-l1-s5', 'itf-f-ch2-l1', 'itf-f-ch2-l1-milestone', 5, 'Inspect a computer''s CPU', 'discussion', 'practice', 'With the help of your teacher, identify the number of cores and the clock rate of the processor in the computer you are using. Record the two values.', 'text', '', null, '[]'::jsonb, '{}'::jsonb, ARRAY['itf.hardware.performance']::text[], 1, 'assignment', null)
on conflict (id) do update set
  lesson_id = excluded.lesson_id,
  milestone_id = excluded.milestone_id,
  position = excluded.position,
  title = excluded.title,
  activity_type = excluded.activity_type,
  stage = excluded.stage,
  prompt = excluded.prompt,
  response_mode = excluded.response_mode,
  starter_code = excluded.starter_code,
  expected_output = excluded.expected_output,
  choices = excluded.choices,
  rubric = excluded.rubric,
  skill_keys = excluded.skill_keys,
  pass_score = excluded.pass_score,
  mode = excluded.mode,
  mode_type = excluded.mode_type;

insert into public.lesson_activities (id, lesson_id, milestone_id, position, title, activity_type, stage, prompt, response_mode, starter_code, expected_output, choices, rubric, skill_keys, pass_score, mode, mode_type)
values ('itf-f-ch2-l1-s6', 'itf-f-ch2-l1', 'itf-f-ch2-l1-milestone', 6, 'Check performance facts', 'multiple_choice', 'assessment', 'Select every statement that is true.', 'multiple_choice', '', null, '[{"id": "a", "text": "Performance means how fast a computer works."}, {"id": "b", "text": "The CPU clock signals when each input-output cycle begins."}, {"id": "c", "text": "The CPU clock tells you the time."}, {"id": "d", "text": "Processor performance does not affect computer performance."}, {"id": "e", "text": "Making the clock rate faster is one way to improve performance."}, {"id": "f", "text": "Adding processors makes performance worse."}, {"id": "g", "text": "At the same clock rate, four cores should be faster than one core."}, {"id": "h", "text": "With the same core count, 4 GHz should be faster than 3 GHz."}]'::jsonb, '{}'::jsonb, ARRAY['itf.hardware.performance']::text[], 1, 'assessment', 'mcq')
on conflict (id) do update set
  lesson_id = excluded.lesson_id,
  milestone_id = excluded.milestone_id,
  position = excluded.position,
  title = excluded.title,
  activity_type = excluded.activity_type,
  stage = excluded.stage,
  prompt = excluded.prompt,
  response_mode = excluded.response_mode,
  starter_code = excluded.starter_code,
  expected_output = excluded.expected_output,
  choices = excluded.choices,
  rubric = excluded.rubric,
  skill_keys = excluded.skill_keys,
  pass_score = excluded.pass_score,
  mode = excluded.mode,
  mode_type = excluded.mode_type;

insert into public.quiz_items (id, lesson_id, milestone_id, activity_id, position, prompt, question_type, choices, correct_choice_ids, rubric, skill_keys, status)
values ('itf-f-ch2-l1-s6-quiz', 'itf-f-ch2-l1', 'itf-f-ch2-l1-milestone', 'itf-f-ch2-l1-s6', 6, 'Select every statement that is true.', 'multiple_choice', '[{"id": "a", "text": "Performance means how fast a computer works."}, {"id": "b", "text": "The CPU clock signals when each input-output cycle begins."}, {"id": "c", "text": "The CPU clock tells you the time."}, {"id": "d", "text": "Processor performance does not affect computer performance."}, {"id": "e", "text": "Making the clock rate faster is one way to improve performance."}, {"id": "f", "text": "Adding processors makes performance worse."}, {"id": "g", "text": "At the same clock rate, four cores should be faster than one core."}, {"id": "h", "text": "With the same core count, 4 GHz should be faster than 3 GHz."}]'::jsonb, ARRAY['a', 'b', 'e', 'g', 'h']::text[], '{}'::jsonb, ARRAY['itf.hardware.performance']::text[], 'published')
on conflict (id) do update set
  lesson_id = excluded.lesson_id,
  milestone_id = excluded.milestone_id,
  activity_id = excluded.activity_id,
  position = excluded.position,
  prompt = excluded.prompt,
  question_type = excluded.question_type,
  choices = excluded.choices,
  correct_choice_ids = excluded.correct_choice_ids,
  rubric = excluded.rubric,
  skill_keys = excluded.skill_keys,
  status = excluded.status,
  updated_at = now();

insert into public.lesson_activities (id, lesson_id, milestone_id, position, title, activity_type, stage, prompt, response_mode, starter_code, expected_output, choices, rubric, skill_keys, pass_score, mode, mode_type)
values ('itf-f-ch2-l1-s7', 'itf-f-ch2-l1', 'itf-f-ch2-l1-milestone', 7, 'Identify CPU specifications', 'multiple_choice', 'assessment', 'Three groups show numbered CPUs. Group (a): [1] single-core at 3 GHz, [2] dual-core at 1 GHz, [3] quad-core at 2 GHz. Group (b): [1] single-core at 1 GHz, [2] dual-core at 4 GHz, [3] single-core at 4 GHz. Group (c): [1] dual-core at 2 GHz, [2] quad-core at 2 GHz, [3] quad-core at 4 GHz. Which option-number sequence identifies, in order, (a) dual-core at 1 GHz, (b) single-core at 4 GHz, and (c) quad-core at 2 GHz?', 'multiple_choice', '', null, '[{"id": "a", "text": "2, 3, 2"}, {"id": "b", "text": "1, 2, 1"}, {"id": "c", "text": "3, 1, 3"}, {"id": "d", "text": "2, 2, 3"}]'::jsonb, '{}'::jsonb, ARRAY['itf.hardware.performance']::text[], 1, 'assessment', 'mcq')
on conflict (id) do update set
  lesson_id = excluded.lesson_id,
  milestone_id = excluded.milestone_id,
  position = excluded.position,
  title = excluded.title,
  activity_type = excluded.activity_type,
  stage = excluded.stage,
  prompt = excluded.prompt,
  response_mode = excluded.response_mode,
  starter_code = excluded.starter_code,
  expected_output = excluded.expected_output,
  choices = excluded.choices,
  rubric = excluded.rubric,
  skill_keys = excluded.skill_keys,
  pass_score = excluded.pass_score,
  mode = excluded.mode,
  mode_type = excluded.mode_type;

insert into public.quiz_items (id, lesson_id, milestone_id, activity_id, position, prompt, question_type, choices, correct_choice_ids, rubric, skill_keys, status)
values ('itf-f-ch2-l1-s7-quiz', 'itf-f-ch2-l1', 'itf-f-ch2-l1-milestone', 'itf-f-ch2-l1-s7', 7, 'Three groups show numbered CPUs. Group (a): [1] single-core at 3 GHz, [2] dual-core at 1 GHz, [3] quad-core at 2 GHz. Group (b): [1] single-core at 1 GHz, [2] dual-core at 4 GHz, [3] single-core at 4 GHz. Group (c): [1] dual-core at 2 GHz, [2] quad-core at 2 GHz, [3] quad-core at 4 GHz. Which option-number sequence identifies, in order, (a) dual-core at 1 GHz, (b) single-core at 4 GHz, and (c) quad-core at 2 GHz?', 'multiple_choice', '[{"id": "a", "text": "2, 3, 2"}, {"id": "b", "text": "1, 2, 1"}, {"id": "c", "text": "3, 1, 3"}, {"id": "d", "text": "2, 2, 3"}]'::jsonb, ARRAY['a']::text[], '{}'::jsonb, ARRAY['itf.hardware.performance']::text[], 'published')
on conflict (id) do update set
  lesson_id = excluded.lesson_id,
  milestone_id = excluded.milestone_id,
  activity_id = excluded.activity_id,
  position = excluded.position,
  prompt = excluded.prompt,
  question_type = excluded.question_type,
  choices = excluded.choices,
  correct_choice_ids = excluded.correct_choice_ids,
  rubric = excluded.rubric,
  skill_keys = excluded.skill_keys,
  status = excluded.status,
  updated_at = now();

insert into public.lesson_activities (id, lesson_id, milestone_id, position, title, activity_type, stage, prompt, response_mode, starter_code, expected_output, choices, rubric, skill_keys, pass_score, mode, mode_type)
values ('itf-f-ch2-l1-s8', 'itf-f-ch2-l1', 'itf-f-ch2-l1-milestone', 8, 'Compare fastest and slowest CPUs', 'multiple_choice', 'assessment', 'Which pair correctly answers Activity 1.3''s two comparisons?', 'multiple_choice', '', null, '[{"id": "a", "text": "When core count is the same, option 3 at 4 GHz is fastest; when all rates are 3 GHz, option 1 with one core is slowest."}, {"id": "b", "text": "When core count is the same, option 2 at 1 GHz is fastest; when all rates are 3 GHz, option 3 with four cores is slowest."}, {"id": "c", "text": "When core count is the same, option 1 at 3 GHz is fastest; when all rates are 3 GHz, every option is equally fast."}, {"id": "d", "text": "Clock rate and core count cannot be used for either comparison."}]'::jsonb, '{}'::jsonb, ARRAY['itf.hardware.performance']::text[], 1, 'assessment', 'mcq')
on conflict (id) do update set
  lesson_id = excluded.lesson_id,
  milestone_id = excluded.milestone_id,
  position = excluded.position,
  title = excluded.title,
  activity_type = excluded.activity_type,
  stage = excluded.stage,
  prompt = excluded.prompt,
  response_mode = excluded.response_mode,
  starter_code = excluded.starter_code,
  expected_output = excluded.expected_output,
  choices = excluded.choices,
  rubric = excluded.rubric,
  skill_keys = excluded.skill_keys,
  pass_score = excluded.pass_score,
  mode = excluded.mode,
  mode_type = excluded.mode_type;

insert into public.quiz_items (id, lesson_id, milestone_id, activity_id, position, prompt, question_type, choices, correct_choice_ids, rubric, skill_keys, status)
values ('itf-f-ch2-l1-s8-quiz', 'itf-f-ch2-l1', 'itf-f-ch2-l1-milestone', 'itf-f-ch2-l1-s8', 8, 'Which pair correctly answers Activity 1.3''s two comparisons?', 'multiple_choice', '[{"id": "a", "text": "When core count is the same, option 3 at 4 GHz is fastest; when all rates are 3 GHz, option 1 with one core is slowest."}, {"id": "b", "text": "When core count is the same, option 2 at 1 GHz is fastest; when all rates are 3 GHz, option 3 with four cores is slowest."}, {"id": "c", "text": "When core count is the same, option 1 at 3 GHz is fastest; when all rates are 3 GHz, every option is equally fast."}, {"id": "d", "text": "Clock rate and core count cannot be used for either comparison."}]'::jsonb, ARRAY['a']::text[], '{}'::jsonb, ARRAY['itf.hardware.performance']::text[], 'published')
on conflict (id) do update set
  lesson_id = excluded.lesson_id,
  milestone_id = excluded.milestone_id,
  activity_id = excluded.activity_id,
  position = excluded.position,
  prompt = excluded.prompt,
  question_type = excluded.question_type,
  choices = excluded.choices,
  correct_choice_ids = excluded.correct_choice_ids,
  rubric = excluded.rubric,
  skill_keys = excluded.skill_keys,
  status = excluded.status,
  updated_at = now();

insert into public.lessons (id, position, title, tutor_prompt, sample_code, module, level, unit_id, unit_position, publication_status, help_ceiling, require_attempt_first, final_answer_policy, tutor_tone, tutor_pace, grade_band, curriculum_metadata)
values ('itf-f-ch2-l2', 107, 'Energy', 'Help the learner trace electrical energy from an outlet or battery to the parts that use it. Ask them to hold other features constant when comparing screen or processor energy demand.', '', 'IT Frontiers', 'Beginner', 'itf-f-ch2', 2, 'published', 'guided', true, 'after_attempt', 'encouraging', 'guided', 'lower', '{"course_id": "itf-f", "course_version_id": "itf-f-v1", "lesson_type": "discussion"}'::jsonb)
on conflict (id) do update set
  position = excluded.position,
  title = excluded.title,
  tutor_prompt = excluded.tutor_prompt,
  sample_code = excluded.sample_code,
  module = excluded.module,
  level = excluded.level,
  unit_id = excluded.unit_id,
  unit_position = excluded.unit_position,
  publication_status = excluded.publication_status,
  help_ceiling = excluded.help_ceiling,
  require_attempt_first = excluded.require_attempt_first,
  final_answer_policy = excluded.final_answer_policy,
  tutor_tone = excluded.tutor_tone,
  tutor_pace = excluded.tutor_pace,
  grade_band = excluded.grade_band,
  curriculum_metadata = excluded.curriculum_metadata;

insert into public.milestones (id, lesson_id, position, title, objective, level, skill_keys, allowed_response_modes)
values ('itf-f-ch2-l2-milestone', 'itf-f-ch2-l2', 1, 'Computer energy demand', 'Explain why computers need electrical energy, describe how batteries store it, and compare energy demand using screen size, brightness, clock rate, and core count.', 'Beginner', ARRAY['itf.hardware.energy']::text[], ARRAY['text', 'multiple_choice']::text[])
on conflict (id) do update set
  lesson_id = excluded.lesson_id,
  position = excluded.position,
  title = excluded.title,
  objective = excluded.objective,
  level = excluded.level,
  skill_keys = excluded.skill_keys,
  allowed_response_modes = excluded.allowed_response_modes,
  updated_at = now();

update public.lessons set milestone_id = 'itf-f-ch2-l2-milestone' where id = 'itf-f-ch2-l2';

insert into public.lesson_activities (id, lesson_id, milestone_id, position, title, activity_type, stage, prompt, response_mode, starter_code, expected_output, choices, rubric, skill_keys, pass_score, mode, mode_type)
values ('itf-f-ch2-l2-s1', 'itf-f-ch2-l2', 'itf-f-ch2-l2-milestone', 1, 'Getting electrical energy', 'discussion', 'intro', 'A system needs energy to do work, and a computer needs electrical energy. As Example 2.1 shows, electrical outlets may differ in shape, but they all deliver electrical energy to devices and machines. A computer can use that energy directly or store it for later. The battery is the hardware part responsible for storing electrical energy. Laptops, tablets, and smartphones can charge their batteries and later disconnect from the outlet. A desktop has no battery and must remain connected to an outlet.', 'text', '', null, '[]'::jsonb, '{}'::jsonb, ARRAY['itf.hardware.energy']::text[], 1, 'explanation', null)
on conflict (id) do update set
  lesson_id = excluded.lesson_id,
  milestone_id = excluded.milestone_id,
  position = excluded.position,
  title = excluded.title,
  activity_type = excluded.activity_type,
  stage = excluded.stage,
  prompt = excluded.prompt,
  response_mode = excluded.response_mode,
  starter_code = excluded.starter_code,
  expected_output = excluded.expected_output,
  choices = excluded.choices,
  rubric = excluded.rubric,
  skill_keys = excluded.skill_keys,
  pass_score = excluded.pass_score,
  mode = excluded.mode,
  mode_type = excluded.mode_type;

insert into public.lesson_activities (id, lesson_id, milestone_id, position, title, activity_type, stage, prompt, response_mode, starter_code, expected_output, choices, rubric, skill_keys, pass_score, mode, mode_type)
values ('itf-f-ch2-l2-s2', 'itf-f-ch2-l2', 'itf-f-ch2-l2-milestone', 2, 'Screens use energy', 'discussion', 'teach', 'Every hardware part uses electrical energy, but the screen and processor use a lot. A screen converts electronic signals into light signals. The more light it must give out, the more electrical energy it uses. Example 2.2 compares screen sizes: a big screen gives out more light and uses more electrical energy than a small screen. Example 2.3 compares brightness: a bright screen gives out more light and uses more electrical energy than a dim screen.', 'text', '', null, '[]'::jsonb, '{}'::jsonb, ARRAY['itf.hardware.energy']::text[], 1, 'explanation', null)
on conflict (id) do update set
  lesson_id = excluded.lesson_id,
  milestone_id = excluded.milestone_id,
  position = excluded.position,
  title = excluded.title,
  activity_type = excluded.activity_type,
  stage = excluded.stage,
  prompt = excluded.prompt,
  response_mode = excluded.response_mode,
  starter_code = excluded.starter_code,
  expected_output = excluded.expected_output,
  choices = excluded.choices,
  rubric = excluded.rubric,
  skill_keys = excluded.skill_keys,
  pass_score = excluded.pass_score,
  mode = excluded.mode,
  mode_type = excluded.mode_type;

insert into public.lesson_activities (id, lesson_id, milestone_id, position, title, activity_type, stage, prompt, response_mode, starter_code, expected_output, choices, rubric, skill_keys, pass_score, mode, mode_type)
values ('itf-f-ch2-l2-s3', 'itf-f-ch2-l2', 'itf-f-ch2-l2-milestone', 3, 'Processors use energy', 'discussion', 'teach', 'The processor changes input into output. The more signals it processes, the more electrical energy it uses. In general, a faster processor requires more energy. Example 2.4 compares clock rates: a faster clock rate processes more signals and uses more electrical energy. Example 2.5 compares core counts: a CPU with more cores processes more signals and uses more electrical energy. The book summarizes this trade-off by saying that the price of performance is energy consumption.', 'text', '', null, '[]'::jsonb, '{}'::jsonb, ARRAY['itf.hardware.energy']::text[], 1, 'explanation', null)
on conflict (id) do update set
  lesson_id = excluded.lesson_id,
  milestone_id = excluded.milestone_id,
  position = excluded.position,
  title = excluded.title,
  activity_type = excluded.activity_type,
  stage = excluded.stage,
  prompt = excluded.prompt,
  response_mode = excluded.response_mode,
  starter_code = excluded.starter_code,
  expected_output = excluded.expected_output,
  choices = excluded.choices,
  rubric = excluded.rubric,
  skill_keys = excluded.skill_keys,
  pass_score = excluded.pass_score,
  mode = excluded.mode,
  mode_type = excluded.mode_type;

insert into public.lesson_activities (id, lesson_id, milestone_id, position, title, activity_type, stage, prompt, response_mode, starter_code, expected_output, choices, rubric, skill_keys, pass_score, mode, mode_type)
values ('itf-f-ch2-l2-s4', 'itf-f-ch2-l2', 'itf-f-ch2-l2-milestone', 4, 'Compare screen energy', 'reflection', 'practice', 'Make two controlled comparisons from Activities 2.2 and 2.4. First assume the same brightness and compare a desktop, laptop, tablet, and smartphone screen: identify which uses the most and least electrical energy and explain how screen size leads to your answer. Then assume the same screen size and compare dim, bright, and brightest settings: identify which uses the most and least energy and explain how the amount of light leads to your answer.', 'text', '', null, '[]'::jsonb, '{}'::jsonb, ARRAY['itf.hardware.energy']::text[], 1, 'reflection', null)
on conflict (id) do update set
  lesson_id = excluded.lesson_id,
  milestone_id = excluded.milestone_id,
  position = excluded.position,
  title = excluded.title,
  activity_type = excluded.activity_type,
  stage = excluded.stage,
  prompt = excluded.prompt,
  response_mode = excluded.response_mode,
  starter_code = excluded.starter_code,
  expected_output = excluded.expected_output,
  choices = excluded.choices,
  rubric = excluded.rubric,
  skill_keys = excluded.skill_keys,
  pass_score = excluded.pass_score,
  mode = excluded.mode,
  mode_type = excluded.mode_type;

insert into public.lesson_activities (id, lesson_id, milestone_id, position, title, activity_type, stage, prompt, response_mode, starter_code, expected_output, choices, rubric, skill_keys, pass_score, mode, mode_type)
values ('itf-f-ch2-l2-s5', 'itf-f-ch2-l2', 'itf-f-ch2-l2-milestone', 5, 'Compare processor energy', 'reflection', 'practice', 'Make the two processor comparisons from Activities 2.3 and 2.5. With the same number of cores, compare CPUs at 1 GHz, 3 GHz, and 4 GHz: identify which uses the most and least electrical energy and explain why. Then hold the clock rate at 2 GHz and compare single-core, dual-core, and quad-core CPUs: identify which uses the most and least energy and explain why.', 'text', '', null, '[]'::jsonb, '{}'::jsonb, ARRAY['itf.hardware.energy']::text[], 1, 'reflection', null)
on conflict (id) do update set
  lesson_id = excluded.lesson_id,
  milestone_id = excluded.milestone_id,
  position = excluded.position,
  title = excluded.title,
  activity_type = excluded.activity_type,
  stage = excluded.stage,
  prompt = excluded.prompt,
  response_mode = excluded.response_mode,
  starter_code = excluded.starter_code,
  expected_output = excluded.expected_output,
  choices = excluded.choices,
  rubric = excluded.rubric,
  skill_keys = excluded.skill_keys,
  pass_score = excluded.pass_score,
  mode = excluded.mode,
  mode_type = excluded.mode_type;

insert into public.lesson_activities (id, lesson_id, milestone_id, position, title, activity_type, stage, prompt, response_mode, starter_code, expected_output, choices, rubric, skill_keys, pass_score, mode, mode_type)
values ('itf-f-ch2-l2-s6', 'itf-f-ch2-l2', 'itf-f-ch2-l2-milestone', 6, 'Check energy facts', 'multiple_choice', 'assessment', 'Select every statement that is true.', 'multiple_choice', '', null, '[{"id": "a", "text": "A system does not need energy to do work."}, {"id": "b", "text": "Computers need electrical energy to work."}, {"id": "c", "text": "A battery stores electrical energy."}, {"id": "d", "text": "A desktop can work while disconnected from an electrical outlet."}, {"id": "e", "text": "Screen size and brightness do not affect electrical energy use."}, {"id": "f", "text": "A higher clock rate results in more electrical energy being used."}, {"id": "g", "text": "Adding more CPU cores results in less electrical energy being used."}, {"id": "h", "text": "Faster performance requires more electrical energy."}]'::jsonb, '{}'::jsonb, ARRAY['itf.hardware.energy']::text[], 1, 'assessment', 'mcq')
on conflict (id) do update set
  lesson_id = excluded.lesson_id,
  milestone_id = excluded.milestone_id,
  position = excluded.position,
  title = excluded.title,
  activity_type = excluded.activity_type,
  stage = excluded.stage,
  prompt = excluded.prompt,
  response_mode = excluded.response_mode,
  starter_code = excluded.starter_code,
  expected_output = excluded.expected_output,
  choices = excluded.choices,
  rubric = excluded.rubric,
  skill_keys = excluded.skill_keys,
  pass_score = excluded.pass_score,
  mode = excluded.mode,
  mode_type = excluded.mode_type;

insert into public.quiz_items (id, lesson_id, milestone_id, activity_id, position, prompt, question_type, choices, correct_choice_ids, rubric, skill_keys, status)
values ('itf-f-ch2-l2-s6-quiz', 'itf-f-ch2-l2', 'itf-f-ch2-l2-milestone', 'itf-f-ch2-l2-s6', 6, 'Select every statement that is true.', 'multiple_choice', '[{"id": "a", "text": "A system does not need energy to do work."}, {"id": "b", "text": "Computers need electrical energy to work."}, {"id": "c", "text": "A battery stores electrical energy."}, {"id": "d", "text": "A desktop can work while disconnected from an electrical outlet."}, {"id": "e", "text": "Screen size and brightness do not affect electrical energy use."}, {"id": "f", "text": "A higher clock rate results in more electrical energy being used."}, {"id": "g", "text": "Adding more CPU cores results in less electrical energy being used."}, {"id": "h", "text": "Faster performance requires more electrical energy."}]'::jsonb, ARRAY['b', 'c', 'f', 'h']::text[], '{}'::jsonb, ARRAY['itf.hardware.energy']::text[], 'published')
on conflict (id) do update set
  lesson_id = excluded.lesson_id,
  milestone_id = excluded.milestone_id,
  activity_id = excluded.activity_id,
  position = excluded.position,
  prompt = excluded.prompt,
  question_type = excluded.question_type,
  choices = excluded.choices,
  correct_choice_ids = excluded.correct_choice_ids,
  rubric = excluded.rubric,
  skill_keys = excluded.skill_keys,
  status = excluded.status,
  updated_at = now();

insert into public.lesson_activities (id, lesson_id, milestone_id, position, title, activity_type, stage, prompt, response_mode, starter_code, expected_output, choices, rubric, skill_keys, pass_score, mode, mode_type)
values ('itf-f-ch2-l2-s7', 'itf-f-ch2-l2', 'itf-f-ch2-l2-milestone', 7, 'Explain total computer energy demand', 'discussion', 'assessment', 'Computer 1 is a smartphone whose screen is at maximum brightness and whose CPU has one core at 1 GHz. Computer 2 is a laptop whose screen is at maximum brightness and whose CPU has four cores at 4 GHz. Which computer requires more electrical energy to work? Explain your answer using screen size, clock rate, and number of cores.', 'text', '', null, '[]'::jsonb, '{}'::jsonb, ARRAY['itf.hardware.energy']::text[], 1, 'assessment', 'open_ended')
on conflict (id) do update set
  lesson_id = excluded.lesson_id,
  milestone_id = excluded.milestone_id,
  position = excluded.position,
  title = excluded.title,
  activity_type = excluded.activity_type,
  stage = excluded.stage,
  prompt = excluded.prompt,
  response_mode = excluded.response_mode,
  starter_code = excluded.starter_code,
  expected_output = excluded.expected_output,
  choices = excluded.choices,
  rubric = excluded.rubric,
  skill_keys = excluded.skill_keys,
  pass_score = excluded.pass_score,
  mode = excluded.mode,
  mode_type = excluded.mode_type;

insert into public.lessons (id, position, title, tutor_prompt, sample_code, module, level, unit_id, unit_position, publication_status, help_ceiling, require_attempt_first, final_answer_policy, tutor_tone, tutor_pace, grade_band, curriculum_metadata)
values ('itf-f-ch2-l3', 108, 'Portability', 'Guide the learner to connect portability with a computer''s direct energy source, size, and weight, then trace how those features affect its user interface and energy demand. Encourage comparisons that name specific input and output devices.', '', 'IT Frontiers', 'Beginner', 'itf-f-ch2', 3, 'published', 'guided', true, 'after_attempt', 'encouraging', 'guided', 'lower', '{"course_id": "itf-f", "course_version_id": "itf-f-v1", "lesson_type": "discussion"}'::jsonb)
on conflict (id) do update set
  position = excluded.position,
  title = excluded.title,
  tutor_prompt = excluded.tutor_prompt,
  sample_code = excluded.sample_code,
  module = excluded.module,
  level = excluded.level,
  unit_id = excluded.unit_id,
  unit_position = excluded.unit_position,
  publication_status = excluded.publication_status,
  help_ceiling = excluded.help_ceiling,
  require_attempt_first = excluded.require_attempt_first,
  final_answer_policy = excluded.final_answer_policy,
  tutor_tone = excluded.tutor_tone,
  tutor_pace = excluded.tutor_pace,
  grade_band = excluded.grade_band,
  curriculum_metadata = excluded.curriculum_metadata;

insert into public.milestones (id, lesson_id, position, title, objective, level, skill_keys, allowed_response_modes)
values ('itf-f-ch2-l3-milestone', 'itf-f-ch2-l3', 1, 'Computer portability', 'Explain how energy source, size, and weight determine portability and how greater portability changes a computer''s user interface and energy demand.', 'Beginner', ARRAY['itf.hardware.portability']::text[], ARRAY['text', 'multiple_choice']::text[])
on conflict (id) do update set
  lesson_id = excluded.lesson_id,
  position = excluded.position,
  title = excluded.title,
  objective = excluded.objective,
  level = excluded.level,
  skill_keys = excluded.skill_keys,
  allowed_response_modes = excluded.allowed_response_modes,
  updated_at = now();

update public.lessons set milestone_id = 'itf-f-ch2-l3-milestone' where id = 'itf-f-ch2-l3';

insert into public.lesson_activities (id, lesson_id, milestone_id, position, title, activity_type, stage, prompt, response_mode, starter_code, expected_output, choices, rubric, skill_keys, pass_score, mode, mode_type)
values ('itf-f-ch2-l3-s1', 'itf-f-ch2-l3', 'itf-f-ch2-l3-milestone', 1, 'Portable energy', 'discussion', 'intro', 'A portable device can be easily carried around while it is being used. Its portability depends on three features: source of energy, size, and weight. A working computer must remain connected to its direct source of electrical energy. For a desktop, that source is the outlet; pulling out its power cable turns it off. For a laptop, tablet, or smartphone, the battery is the direct source. A battery stores electrical energy and is itself portable, allowing the computer to be carried while it works.', 'text', '', null, '[]'::jsonb, '{}'::jsonb, ARRAY['itf.hardware.portability']::text[], 1, 'explanation', null)
on conflict (id) do update set
  lesson_id = excluded.lesson_id,
  milestone_id = excluded.milestone_id,
  position = excluded.position,
  title = excluded.title,
  activity_type = excluded.activity_type,
  stage = excluded.stage,
  prompt = excluded.prompt,
  response_mode = excluded.response_mode,
  starter_code = excluded.starter_code,
  expected_output = excluded.expected_output,
  choices = excluded.choices,
  rubric = excluded.rubric,
  skill_keys = excluded.skill_keys,
  pass_score = excluded.pass_score,
  mode = excluded.mode,
  mode_type = excluded.mode_type;

insert into public.lesson_activities (id, lesson_id, milestone_id, position, title, activity_type, stage, prompt, response_mode, starter_code, expected_output, choices, rubric, skill_keys, pass_score, mode, mode_type)
values ('itf-f-ch2-l3-s2', 'itf-f-ch2-l3', 'itf-f-ch2-l3-milestone', 2, 'Size and weight', 'discussion', 'teach', 'A portable computer should be easy to carry, so size and weight matter. The desktop is too big and heavy to be portable and is a stationary computer. The laptop is smaller and can be placed on a lap. Tablets and smartphones are smaller and lighter still and can be held in one hand. Battery size follows computer size: a laptop can fit the largest battery of these portable types, while a smartphone can fit the smallest.', 'text', '', null, '[]'::jsonb, '{}'::jsonb, ARRAY['itf.hardware.portability']::text[], 1, 'explanation', null)
on conflict (id) do update set
  lesson_id = excluded.lesson_id,
  milestone_id = excluded.milestone_id,
  position = excluded.position,
  title = excluded.title,
  activity_type = excluded.activity_type,
  stage = excluded.stage,
  prompt = excluded.prompt,
  response_mode = excluded.response_mode,
  starter_code = excluded.starter_code,
  expected_output = excluded.expected_output,
  choices = excluded.choices,
  rubric = excluded.rubric,
  skill_keys = excluded.skill_keys,
  pass_score = excluded.pass_score,
  mode = excluded.mode,
  mode_type = excluded.mode_type;

insert into public.lesson_activities (id, lesson_id, milestone_id, position, title, activity_type, stage, prompt, response_mode, starter_code, expected_output, choices, rubric, skill_keys, pass_score, mode, mode_type)
values ('itf-f-ch2-l3-s3', 'itf-f-ch2-l3', 'itf-f-ch2-l3-milestone', 3, 'The user interface changes', 'discussion', 'teach', 'The user interface is the sum of a computer''s input and output devices. As computers become smaller and lighter, those devices change too. A desktop uses a keyboard and mouse. A laptop also has a keyboard but uses a touchpad; its keyboard-and-touchpad combination is slightly smaller than the desktop''s keyboard-and-mouse combination. Tablets and smartphones replace those devices with a smaller, lighter touchscreen, changing interaction from pointing with a device to touching with a finger. Screens also shrink from desktop to laptop to tablet to smartphone. A smaller screen improves portability but fits less content and makes objects smaller.', 'text', '', null, '[]'::jsonb, '{}'::jsonb, ARRAY['itf.hardware.portability']::text[], 1, 'explanation', null)
on conflict (id) do update set
  lesson_id = excluded.lesson_id,
  milestone_id = excluded.milestone_id,
  position = excluded.position,
  title = excluded.title,
  activity_type = excluded.activity_type,
  stage = excluded.stage,
  prompt = excluded.prompt,
  response_mode = excluded.response_mode,
  starter_code = excluded.starter_code,
  expected_output = excluded.expected_output,
  choices = excluded.choices,
  rubric = excluded.rubric,
  skill_keys = excluded.skill_keys,
  pass_score = excluded.pass_score,
  mode = excluded.mode,
  mode_type = excluded.mode_type;

insert into public.lesson_activities (id, lesson_id, milestone_id, position, title, activity_type, stage, prompt, response_mode, starter_code, expected_output, choices, rubric, skill_keys, pass_score, mode, mode_type)
values ('itf-f-ch2-l3-s4', 'itf-f-ch2-l3', 'itf-f-ch2-l3-milestone', 4, 'Portability changes energy demand', 'discussion', 'teach', 'Making a computer smaller requires a smaller battery, and a smaller battery stores less electrical energy. The computer must therefore use less energy if its battery is to last. A smaller screen gives out less light and uses less energy. In the book''s general comparison, a smaller computer also uses a less demanding CPU, usually with a slower clock rate and fewer cores. Larger computers demand more energy but have space for larger batteries that store more energy. The book notes that this CPU comparison is simplified and leaves out the complexities of balancing performance with power efficiency.', 'text', '', null, '[]'::jsonb, '{}'::jsonb, ARRAY['itf.hardware.portability']::text[], 1, 'explanation', null)
on conflict (id) do update set
  lesson_id = excluded.lesson_id,
  milestone_id = excluded.milestone_id,
  position = excluded.position,
  title = excluded.title,
  activity_type = excluded.activity_type,
  stage = excluded.stage,
  prompt = excluded.prompt,
  response_mode = excluded.response_mode,
  starter_code = excluded.starter_code,
  expected_output = excluded.expected_output,
  choices = excluded.choices,
  rubric = excluded.rubric,
  skill_keys = excluded.skill_keys,
  pass_score = excluded.pass_score,
  mode = excluded.mode,
  mode_type = excluded.mode_type;

insert into public.lesson_activities (id, lesson_id, milestone_id, position, title, activity_type, stage, prompt, response_mode, starter_code, expected_output, choices, rubric, skill_keys, pass_score, mode, mode_type)
values ('itf-f-ch2-l3-s5', 'itf-f-ch2-l3', 'itf-f-ch2-l3-milestone', 5, 'Compare user interfaces', 'reflection', 'practice', 'Make the interface comparisons from Activities 3.3 and 3.4. Name one output-device feature that distinguishes a desktop from a smartphone. Name two input-device features that distinguish a laptop from a tablet. Then compare the laptop with the desktop: list the keyboard, pointing-device, and screen differences, and explain how having the laptop''s input and output devices attached as one unit—rather than detached like the desktop''s—affects portability.', 'text', '', null, '[]'::jsonb, '{}'::jsonb, ARRAY['itf.hardware.portability']::text[], 1, 'reflection', null)
on conflict (id) do update set
  lesson_id = excluded.lesson_id,
  milestone_id = excluded.milestone_id,
  position = excluded.position,
  title = excluded.title,
  activity_type = excluded.activity_type,
  stage = excluded.stage,
  prompt = excluded.prompt,
  response_mode = excluded.response_mode,
  starter_code = excluded.starter_code,
  expected_output = excluded.expected_output,
  choices = excluded.choices,
  rubric = excluded.rubric,
  skill_keys = excluded.skill_keys,
  pass_score = excluded.pass_score,
  mode = excluded.mode,
  mode_type = excluded.mode_type;

insert into public.lesson_activities (id, lesson_id, milestone_id, position, title, activity_type, stage, prompt, response_mode, starter_code, expected_output, choices, rubric, skill_keys, pass_score, mode, mode_type)
values ('itf-f-ch2-l3-s6', 'itf-f-ch2-l3', 'itf-f-ch2-l3-milestone', 6, 'Compare energy and batteries', 'reflection', 'practice', 'Make the energy and battery comparisons from Activities 3.5 and 3.6. At the same brightness, decide whether the laptop, tablet, or smartphone screen uses the most energy and explain why. For the same desktop screen, decide whether dim, bright, or brightest uses the most and explain why. Then identify which portable type has the largest battery and which has the smallest, explain how battery size affects weight and ease of carrying, and state which type needs a battery that stores more energy and why.', 'text', '', null, '[]'::jsonb, '{}'::jsonb, ARRAY['itf.hardware.portability']::text[], 1, 'reflection', null)
on conflict (id) do update set
  lesson_id = excluded.lesson_id,
  milestone_id = excluded.milestone_id,
  position = excluded.position,
  title = excluded.title,
  activity_type = excluded.activity_type,
  stage = excluded.stage,
  prompt = excluded.prompt,
  response_mode = excluded.response_mode,
  starter_code = excluded.starter_code,
  expected_output = excluded.expected_output,
  choices = excluded.choices,
  rubric = excluded.rubric,
  skill_keys = excluded.skill_keys,
  pass_score = excluded.pass_score,
  mode = excluded.mode,
  mode_type = excluded.mode_type;

insert into public.lesson_activities (id, lesson_id, milestone_id, position, title, activity_type, stage, prompt, response_mode, starter_code, expected_output, choices, rubric, skill_keys, pass_score, mode, mode_type)
values ('itf-f-ch2-l3-s7', 'itf-f-ch2-l3', 'itf-f-ch2-l3-milestone', 7, 'Check portability facts', 'multiple_choice', 'assessment', 'Select every statement that is true.', 'multiple_choice', '', null, '[{"id": "a", "text": "A portable device cannot be carried while it is used."}, {"id": "b", "text": "A computer''s source of electrical energy does not affect portability."}, {"id": "c", "text": "A battery is a portable storage device for electrical energy."}, {"id": "d", "text": "Smaller size and lighter weight make a computer more portable."}, {"id": "e", "text": "Computer size does not affect the user interface."}, {"id": "f", "text": "Only input devices are affected when computer size changes."}, {"id": "g", "text": "Computer size does not affect electrical-energy requirements."}, {"id": "h", "text": "Battery size affects how much electrical energy it can store."}]'::jsonb, '{}'::jsonb, ARRAY['itf.hardware.portability']::text[], 1, 'assessment', 'mcq')
on conflict (id) do update set
  lesson_id = excluded.lesson_id,
  milestone_id = excluded.milestone_id,
  position = excluded.position,
  title = excluded.title,
  activity_type = excluded.activity_type,
  stage = excluded.stage,
  prompt = excluded.prompt,
  response_mode = excluded.response_mode,
  starter_code = excluded.starter_code,
  expected_output = excluded.expected_output,
  choices = excluded.choices,
  rubric = excluded.rubric,
  skill_keys = excluded.skill_keys,
  pass_score = excluded.pass_score,
  mode = excluded.mode,
  mode_type = excluded.mode_type;

insert into public.quiz_items (id, lesson_id, milestone_id, activity_id, position, prompt, question_type, choices, correct_choice_ids, rubric, skill_keys, status)
values ('itf-f-ch2-l3-s7-quiz', 'itf-f-ch2-l3', 'itf-f-ch2-l3-milestone', 'itf-f-ch2-l3-s7', 7, 'Select every statement that is true.', 'multiple_choice', '[{"id": "a", "text": "A portable device cannot be carried while it is used."}, {"id": "b", "text": "A computer''s source of electrical energy does not affect portability."}, {"id": "c", "text": "A battery is a portable storage device for electrical energy."}, {"id": "d", "text": "Smaller size and lighter weight make a computer more portable."}, {"id": "e", "text": "Computer size does not affect the user interface."}, {"id": "f", "text": "Only input devices are affected when computer size changes."}, {"id": "g", "text": "Computer size does not affect electrical-energy requirements."}, {"id": "h", "text": "Battery size affects how much electrical energy it can store."}]'::jsonb, ARRAY['c', 'd', 'h']::text[], '{}'::jsonb, ARRAY['itf.hardware.portability']::text[], 'published')
on conflict (id) do update set
  lesson_id = excluded.lesson_id,
  milestone_id = excluded.milestone_id,
  activity_id = excluded.activity_id,
  position = excluded.position,
  prompt = excluded.prompt,
  question_type = excluded.question_type,
  choices = excluded.choices,
  correct_choice_ids = excluded.correct_choice_ids,
  rubric = excluded.rubric,
  skill_keys = excluded.skill_keys,
  status = excluded.status,
  updated_at = now();

insert into public.lesson_activities (id, lesson_id, milestone_id, position, title, activity_type, stage, prompt, response_mode, starter_code, expected_output, choices, rubric, skill_keys, pass_score, mode, mode_type)
values ('itf-f-ch2-l3-s8', 'itf-f-ch2-l3', 'itf-f-ch2-l3-milestone', 8, 'Identify the portable computers', 'multiple_choice', 'assessment', 'Four groups show numbered computers. Group (a): [1] tablet, [2] smartphone, [3] laptop. Group (b): [1] laptop, [2] tablet, [3] smartphone. Group (c): [1] smartphone, [2] desktop, [3] laptop. Group (d): [1] desktop, [2] tablet, [3] laptop. Which option-number sequence identifies, in order, (a) the computer most easily carried, (b) the most portable computer, (c) the computer without a battery as its direct energy source, and (d) the computer that is not portable?', 'multiple_choice', '', null, '[{"id": "a", "text": "2, 3, 2, 1"}, {"id": "b", "text": "1, 1, 3, 2"}, {"id": "c", "text": "3, 2, 1, 3"}, {"id": "d", "text": "2, 2, 1, 3"}]'::jsonb, '{}'::jsonb, ARRAY['itf.hardware.portability']::text[], 1, 'assessment', 'mcq')
on conflict (id) do update set
  lesson_id = excluded.lesson_id,
  milestone_id = excluded.milestone_id,
  position = excluded.position,
  title = excluded.title,
  activity_type = excluded.activity_type,
  stage = excluded.stage,
  prompt = excluded.prompt,
  response_mode = excluded.response_mode,
  starter_code = excluded.starter_code,
  expected_output = excluded.expected_output,
  choices = excluded.choices,
  rubric = excluded.rubric,
  skill_keys = excluded.skill_keys,
  pass_score = excluded.pass_score,
  mode = excluded.mode,
  mode_type = excluded.mode_type;

insert into public.quiz_items (id, lesson_id, milestone_id, activity_id, position, prompt, question_type, choices, correct_choice_ids, rubric, skill_keys, status)
values ('itf-f-ch2-l3-s8-quiz', 'itf-f-ch2-l3', 'itf-f-ch2-l3-milestone', 'itf-f-ch2-l3-s8', 8, 'Four groups show numbered computers. Group (a): [1] tablet, [2] smartphone, [3] laptop. Group (b): [1] laptop, [2] tablet, [3] smartphone. Group (c): [1] smartphone, [2] desktop, [3] laptop. Group (d): [1] desktop, [2] tablet, [3] laptop. Which option-number sequence identifies, in order, (a) the computer most easily carried, (b) the most portable computer, (c) the computer without a battery as its direct energy source, and (d) the computer that is not portable?', 'multiple_choice', '[{"id": "a", "text": "2, 3, 2, 1"}, {"id": "b", "text": "1, 1, 3, 2"}, {"id": "c", "text": "3, 2, 1, 3"}, {"id": "d", "text": "2, 2, 1, 3"}]'::jsonb, ARRAY['a']::text[], '{}'::jsonb, ARRAY['itf.hardware.portability']::text[], 'published')
on conflict (id) do update set
  lesson_id = excluded.lesson_id,
  milestone_id = excluded.milestone_id,
  activity_id = excluded.activity_id,
  position = excluded.position,
  prompt = excluded.prompt,
  question_type = excluded.question_type,
  choices = excluded.choices,
  correct_choice_ids = excluded.correct_choice_ids,
  rubric = excluded.rubric,
  skill_keys = excluded.skill_keys,
  status = excluded.status,
  updated_at = now();

insert into public.units (id, course_version_id, position, title, description)
values ('itf-f-ch3', 'itf-f-v1', 3, 'Instructions & Software', 'Instructions, programs, software types, conditional instructions, and repetition for completing tasks with computers.')
on conflict (id) do update set
  course_version_id = excluded.course_version_id,
  position = excluded.position,
  title = excluded.title,
  description = excluded.description,
  updated_at = now();

insert into public.lessons (id, position, title, tutor_prompt, sample_code, module, level, unit_id, unit_position, publication_status, help_ceiling, require_attempt_first, final_answer_policy, tutor_tone, tutor_pace, grade_band, curriculum_metadata)
values ('itf-f-ch3-l1', 109, 'Instructions', 'Guide the learner from single action statements to ordered task instructions, computer programs, shared calls, and flowcharts. Keep the book''s school, BIOS, microwave, and elevator scenarios intact, and watch for the difference between an instruction and a complete program.', 'SET result (2 * 3)
SET result (result + 4)
SET result (result // 2)
PRINT result', 'IT Frontiers', 'Beginner', 'itf-f-ch3', 1, 'published', 'guided', true, 'after_attempt', 'encouraging', 'guided', 'lower', '{"course_id": "itf-f", "course_version_id": "itf-f-v1", "lesson_type": "code"}'::jsonb)
on conflict (id) do update set
  position = excluded.position,
  title = excluded.title,
  tutor_prompt = excluded.tutor_prompt,
  sample_code = excluded.sample_code,
  module = excluded.module,
  level = excluded.level,
  unit_id = excluded.unit_id,
  unit_position = excluded.unit_position,
  publication_status = excluded.publication_status,
  help_ceiling = excluded.help_ceiling,
  require_attempt_first = excluded.require_attempt_first,
  final_answer_policy = excluded.final_answer_policy,
  tutor_tone = excluded.tutor_tone,
  tutor_pace = excluded.tutor_pace,
  grade_band = excluded.grade_band,
  curriculum_metadata = excluded.curriculum_metadata;

insert into public.milestones (id, lesson_id, position, title, objective, level, skill_keys, allowed_response_modes)
values ('itf-f-ch3-l1-milestone', 'itf-f-ch3-l1', 1, 'Ordered instructions and programs', 'Explain how ordered instructions enter a system and form programs that complete specific tasks, including through shared calls and flowcharts.', 'Beginner', ARRAY['logic.sequence', 'itf.software.instructions']::text[], ARRAY['text', 'code', 'multiple_choice']::text[])
on conflict (id) do update set
  lesson_id = excluded.lesson_id,
  position = excluded.position,
  title = excluded.title,
  objective = excluded.objective,
  level = excluded.level,
  skill_keys = excluded.skill_keys,
  allowed_response_modes = excluded.allowed_response_modes,
  updated_at = now();

update public.lessons set milestone_id = 'itf-f-ch3-l1-milestone' where id = 'itf-f-ch3-l1';

insert into public.lesson_activities (id, lesson_id, milestone_id, position, title, activity_type, stage, prompt, response_mode, starter_code, expected_output, choices, rubric, skill_keys, pass_score, mode, mode_type)
values ('itf-f-ch3-l1-s1', 'itf-f-ch3-l1', 'itf-f-ch3-l1-milestone', 1, 'Instructions move from input to output', 'discussion', 'intro', 'Instructions are action statements. Each instruction indicates a specific action that should be performed, and both humans and computers are systems capable of following instructions. An instruction enters a system as an input signal, is held in memory, and is followed by the processor to generate an output. Ms. Finn asked Sarah to multiply 2 and 3, add 4, and then divide by 2. Sarah had to remember the three instructions in order. She processed them one after another to reach 5, kept that answer in memory until Ms. Finn was ready, and then gave 5 as the output. When the rest of the class followed the same instructions in the same order, they reached the same result.', 'text', '', null, '[]'::jsonb, '{}'::jsonb, ARRAY['logic.sequence', 'itf.software.instructions']::text[], 1, 'explanation', null)
on conflict (id) do update set
  lesson_id = excluded.lesson_id,
  milestone_id = excluded.milestone_id,
  position = excluded.position,
  title = excluded.title,
  activity_type = excluded.activity_type,
  stage = excluded.stage,
  prompt = excluded.prompt,
  response_mode = excluded.response_mode,
  starter_code = excluded.starter_code,
  expected_output = excluded.expected_output,
  choices = excluded.choices,
  rubric = excluded.rubric,
  skill_keys = excluded.skill_keys,
  pass_score = excluded.pass_score,
  mode = excluded.mode,
  mode_type = excluded.mode_type;

insert into public.lesson_activities (id, lesson_id, milestone_id, position, title, activity_type, stage, prompt, response_mode, starter_code, expected_output, choices, rubric, skill_keys, pass_score, mode, mode_type)
values ('itf-f-ch3-l1-s2', 'itf-f-ch3-l1', 'itf-f-ch3-l1-milestone', 2, 'Run Sarah''s ordered calculation', 'code', 'practice', 'The book presents Sarah''s calculation as three instructions. Run this valid Jargon version and trace how each result is used by the next instruction. The order must remain multiplication, addition, and division so that the final output is 5.', 'code', 'SET result (2 * 3)
SET result (result + 4)
SET result (result // 2)
PRINT result', '5', '[]'::jsonb, '{}'::jsonb, ARRAY['logic.sequence']::text[], 1, 'practice', 'code')
on conflict (id) do update set
  lesson_id = excluded.lesson_id,
  milestone_id = excluded.milestone_id,
  position = excluded.position,
  title = excluded.title,
  activity_type = excluded.activity_type,
  stage = excluded.stage,
  prompt = excluded.prompt,
  response_mode = excluded.response_mode,
  starter_code = excluded.starter_code,
  expected_output = excluded.expected_output,
  choices = excluded.choices,
  rubric = excluded.rubric,
  skill_keys = excluded.skill_keys,
  pass_score = excluded.pass_score,
  mode = excluded.mode,
  mode_type = excluded.mode_type;

insert into public.lesson_activities (id, lesson_id, milestone_id, position, title, activity_type, stage, prompt, response_mode, starter_code, expected_output, choices, rubric, skill_keys, pass_score, mode, mode_type)
values ('itf-f-ch3-l1-s3', 'itf-f-ch3-l1', 'itf-f-ch3-l1-milestone', 3, 'Tasks and computer programs', 'discussion', 'teach', 'Instructions occur in sets. Every task has a specific set whose instructions should be performed in order, one after another, until the task is complete. Chen''s morning task begins when he wakes up: brush his teeth, comb his hair, wear his clothes, eat breakfast, and get his school bag. A program is a set of instructions written for a computer, and a computer has programs for the many tasks it must perform. BIOS is one program. Each time a computer is powered on, BIOS checks that its devices are connected and working. Its keyboard-test instructions send an ''Are you OK?'' signal, wait for and receive the keyboard''s reply, write ''KEYBOARD is OK'' to memory, and connect the keyboard to the system.', 'text', '', null, '[]'::jsonb, '{}'::jsonb, ARRAY['logic.sequence', 'itf.software.instructions']::text[], 1, 'explanation', null)
on conflict (id) do update set
  lesson_id = excluded.lesson_id,
  milestone_id = excluded.milestone_id,
  position = excluded.position,
  title = excluded.title,
  activity_type = excluded.activity_type,
  stage = excluded.stage,
  prompt = excluded.prompt,
  response_mode = excluded.response_mode,
  starter_code = excluded.starter_code,
  expected_output = excluded.expected_output,
  choices = excluded.choices,
  rubric = excluded.rubric,
  skill_keys = excluded.skill_keys,
  pass_score = excluded.pass_score,
  mode = excluded.mode,
  mode_type = excluded.mode_type;

insert into public.lesson_activities (id, lesson_id, milestone_id, position, title, activity_type, stage, prompt, response_mode, starter_code, expected_output, choices, rubric, skill_keys, pass_score, mode, mode_type)
values ('itf-f-ch3-l1-s4', 'itf-f-ch3-l1', 'itf-f-ch3-l1-milestone', 4, 'Shared calls and flowcharts', 'discussion', 'teach', 'Instructions can be shared. One set may call and use another set, so common instructions can be kept on their own instead of copied into every task. When Chen''s getting-ready-for-school instructions say ''brush your teeth,'' that instruction calls the older set he memorized: put toothpaste on the toothbrush, brush the outer, inner, and chewing surfaces, then rinse. His getting-ready-for-sleep task calls the same set, so he does not memorize it again. A flowchart is a diagram that shows the steps required to complete a task. Shapes represent steps, and arrows show their order. In the getting-ready-for-school flowchart, terminator boxes mark Start and End, while process boxes carry the five task instructions.', 'text', '', null, '[]'::jsonb, '{}'::jsonb, ARRAY['logic.sequence', 'itf.software.instructions']::text[], 1, 'explanation', null)
on conflict (id) do update set
  lesson_id = excluded.lesson_id,
  milestone_id = excluded.milestone_id,
  position = excluded.position,
  title = excluded.title,
  activity_type = excluded.activity_type,
  stage = excluded.stage,
  prompt = excluded.prompt,
  response_mode = excluded.response_mode,
  starter_code = excluded.starter_code,
  expected_output = excluded.expected_output,
  choices = excluded.choices,
  rubric = excluded.rubric,
  skill_keys = excluded.skill_keys,
  pass_score = excluded.pass_score,
  mode = excluded.mode,
  mode_type = excluded.mode_type;

insert into public.lesson_activities (id, lesson_id, milestone_id, position, title, activity_type, stage, prompt, response_mode, starter_code, expected_output, choices, rubric, skill_keys, pass_score, mode, mode_type)
values ('itf-f-ch3-l1-s5', 'itf-f-ch3-l1', 'itf-f-ch3-l1-milestone', 5, 'Build and compare instruction sets', 'discussion', 'practice', 'Complete the lesson''s connected project. First extract action-verb instructions from the microwave and elevator narratives, avoiding the word ''the'' as the book advises. Activity 1.2 asks for five microwave instructions and Activity 1.3 asks for six elevator instructions, while the later templates provide seven READ/WRITE slots for each; preserve the printed requests and note this mismatch. Create the Word files ''Using Microwave Oven Instructions'' and ''Using Elevator Instructions,'' then answer where READ reads from, where WRITE writes to, how many of each instruction appear, and the save names. For each file, select all text; set size 20, Courier New, and Black, Text 1, Lighter 50%; number the lines; color each line''s first word RGB 255,0,255; save and close. Count the shared appendix calls, identify which main instructions make them, and explain how the shared ''How to'' section saves pages. In PowerPoint, make a blank portrait template with seven centered, vertically distributed process boxes, two terminator boxes, and connecting arrows; save it as ''Flowchart Template.'' Fill copies with Start, End, and the microwave or elevator instructions; save them as ''Using Microwave Oven Flowchart'' and ''Using Elevator Flowchart.'' Compare the common task and changed source or file in the three pairs from Activity 1.9.', 'text', '', null, '[]'::jsonb, '{}'::jsonb, ARRAY['logic.sequence', 'itf.software.instructions']::text[], 1, 'assignment', null)
on conflict (id) do update set
  lesson_id = excluded.lesson_id,
  milestone_id = excluded.milestone_id,
  position = excluded.position,
  title = excluded.title,
  activity_type = excluded.activity_type,
  stage = excluded.stage,
  prompt = excluded.prompt,
  response_mode = excluded.response_mode,
  starter_code = excluded.starter_code,
  expected_output = excluded.expected_output,
  choices = excluded.choices,
  rubric = excluded.rubric,
  skill_keys = excluded.skill_keys,
  pass_score = excluded.pass_score,
  mode = excluded.mode,
  mode_type = excluded.mode_type;

insert into public.lesson_activities (id, lesson_id, milestone_id, position, title, activity_type, stage, prompt, response_mode, starter_code, expected_output, choices, rubric, skill_keys, pass_score, mode, mode_type)
values ('itf-f-ch3-l1-s6', 'itf-f-ch3-l1', 'itf-f-ch3-l1-milestone', 6, 'Check instruction facts', 'multiple_choice', 'assessment', 'Select every statement that is true.', 'multiple_choice', '', null, '[{"id": "a", "text": "An instruction is an action statement."}, {"id": "b", "text": "Computers cannot follow instructions."}, {"id": "c", "text": "Instructions enter a system as input."}, {"id": "d", "text": "All instructions are held in memory."}, {"id": "e", "text": "A set of instructions for a computer is called a program."}, {"id": "f", "text": "Each set of instructions is designed to perform a specific task."}, {"id": "g", "text": "A set of instructions may call on another set of instructions for help."}, {"id": "h", "text": "A set of instructions cannot be shared."}]'::jsonb, '{}'::jsonb, ARRAY['logic.sequence', 'itf.software.instructions']::text[], 1, 'assessment', 'mcq')
on conflict (id) do update set
  lesson_id = excluded.lesson_id,
  milestone_id = excluded.milestone_id,
  position = excluded.position,
  title = excluded.title,
  activity_type = excluded.activity_type,
  stage = excluded.stage,
  prompt = excluded.prompt,
  response_mode = excluded.response_mode,
  starter_code = excluded.starter_code,
  expected_output = excluded.expected_output,
  choices = excluded.choices,
  rubric = excluded.rubric,
  skill_keys = excluded.skill_keys,
  pass_score = excluded.pass_score,
  mode = excluded.mode,
  mode_type = excluded.mode_type;

insert into public.quiz_items (id, lesson_id, milestone_id, activity_id, position, prompt, question_type, choices, correct_choice_ids, rubric, skill_keys, status)
values ('itf-f-ch3-l1-s6-quiz', 'itf-f-ch3-l1', 'itf-f-ch3-l1-milestone', 'itf-f-ch3-l1-s6', 6, 'Select every statement that is true.', 'multiple_choice', '[{"id": "a", "text": "An instruction is an action statement."}, {"id": "b", "text": "Computers cannot follow instructions."}, {"id": "c", "text": "Instructions enter a system as input."}, {"id": "d", "text": "All instructions are held in memory."}, {"id": "e", "text": "A set of instructions for a computer is called a program."}, {"id": "f", "text": "Each set of instructions is designed to perform a specific task."}, {"id": "g", "text": "A set of instructions may call on another set of instructions for help."}, {"id": "h", "text": "A set of instructions cannot be shared."}]'::jsonb, ARRAY['a', 'c', 'd', 'e', 'f', 'g']::text[], '{}'::jsonb, ARRAY['logic.sequence', 'itf.software.instructions']::text[], 'published')
on conflict (id) do update set
  lesson_id = excluded.lesson_id,
  milestone_id = excluded.milestone_id,
  activity_id = excluded.activity_id,
  position = excluded.position,
  prompt = excluded.prompt,
  question_type = excluded.question_type,
  choices = excluded.choices,
  correct_choice_ids = excluded.correct_choice_ids,
  rubric = excluded.rubric,
  skill_keys = excluded.skill_keys,
  status = excluded.status,
  updated_at = now();

insert into public.lessons (id, position, title, tutor_prompt, sample_code, module, level, unit_id, unit_position, publication_status, help_ceiling, require_attempt_first, final_answer_policy, tutor_tone, tutor_pace, grade_band, curriculum_metadata)
values ('itf-f-ch3-l2', 110, 'Software', 'Help the learner distinguish user software, system software, and firmware by purpose. Use Sarah''s smartphone to connect applications, the operating system, BIOS, storage, and hardware, then have the learner trace how an app starts.', 'SET app ("APP")
PRINT "Accept user input"
PRINT "Search storage for " + app
PRINT "Copy " + app + " to memory"
PRINT "Allow " + app + " to use processor"', 'IT Frontiers', 'Beginner', 'itf-f-ch3', 2, 'published', 'guided', true, 'after_attempt', 'encouraging', 'guided', 'lower', '{"course_id": "itf-f", "course_version_id": "itf-f-v1", "lesson_type": "code"}'::jsonb)
on conflict (id) do update set
  position = excluded.position,
  title = excluded.title,
  tutor_prompt = excluded.tutor_prompt,
  sample_code = excluded.sample_code,
  module = excluded.module,
  level = excluded.level,
  unit_id = excluded.unit_id,
  unit_position = excluded.unit_position,
  publication_status = excluded.publication_status,
  help_ceiling = excluded.help_ceiling,
  require_attempt_first = excluded.require_attempt_first,
  final_answer_policy = excluded.final_answer_policy,
  tutor_tone = excluded.tutor_tone,
  tutor_pace = excluded.tutor_pace,
  grade_band = excluded.grade_band,
  curriculum_metadata = excluded.curriculum_metadata;

insert into public.milestones (id, lesson_id, position, title, objective, level, skill_keys, allowed_response_modes)
values ('itf-f-ch3-l2-milestone', 'itf-f-ch3-l2', 1, 'Purposes of software', 'Distinguish user software, system software, and firmware and trace how the operating system and BIOS prepare and run applications.', 'Beginner', ARRAY['itf.software.types', 'jargon.set', 'jargon.print']::text[], ARRAY['text', 'code', 'multiple_choice']::text[])
on conflict (id) do update set
  lesson_id = excluded.lesson_id,
  position = excluded.position,
  title = excluded.title,
  objective = excluded.objective,
  level = excluded.level,
  skill_keys = excluded.skill_keys,
  allowed_response_modes = excluded.allowed_response_modes,
  updated_at = now();

update public.lessons set milestone_id = 'itf-f-ch3-l2-milestone' where id = 'itf-f-ch3-l2';

insert into public.lesson_activities (id, lesson_id, milestone_id, position, title, activity_type, stage, prompt, response_mode, starter_code, expected_output, choices, rubric, skill_keys, pass_score, mode, mode_type)
values ('itf-f-ch3-l2-s1', 'itf-f-ch3-l2', 'itf-f-ch3-l2-milestone', 1, 'User software and application size', 'discussion', 'intro', 'Software is the name given to all the programs in a computer. It is grouped by purpose: user software performs tasks for the user, system software performs tasks for the whole system, and firmware performs tasks for only the hardware. A user-software program is called an application or app, and each app has a specific task. On Sarah''s smartphone, the calculator multiplies numbers, the camera takes photographs, and the messaging app sends messages. Software size is determined by its number of instructions and is measured in bytes. A simple task needs fewer instructions than a complicated one. Sarah finds that her calculator is 10 MB, her camera 20 MB, and her messaging app 70 MB; together they use 100 MB.', 'text', '', null, '[]'::jsonb, '{}'::jsonb, ARRAY['itf.software.types']::text[], 1, 'explanation', null)
on conflict (id) do update set
  lesson_id = excluded.lesson_id,
  milestone_id = excluded.milestone_id,
  position = excluded.position,
  title = excluded.title,
  activity_type = excluded.activity_type,
  stage = excluded.stage,
  prompt = excluded.prompt,
  response_mode = excluded.response_mode,
  starter_code = excluded.starter_code,
  expected_output = excluded.expected_output,
  choices = excluded.choices,
  rubric = excluded.rubric,
  skill_keys = excluded.skill_keys,
  pass_score = excluded.pass_score,
  mode = excluded.mode,
  mode_type = excluded.mode_type;

insert into public.lesson_activities (id, lesson_id, milestone_id, position, title, activity_type, stage, prompt, response_mode, starter_code, expected_output, choices, rubric, skill_keys, pass_score, mode, mode_type)
values ('itf-f-ch3-l2-s2', 'itf-f-ch3-l2', 'itf-f-ch3-l2-milestone', 2, 'The operating system helps applications', 'discussion', 'teach', 'The operating system is system software: a set of programs that controls the computer and allows it to operate as a system. Two important tasks are operating the hardware and helping applications work as part of the system. Sarah''s messaging app knows how to read and type messages, but it must call the operating system to show a message on the screen or receive a touch from the digitizer. If every app carried all the operating system''s hardware instructions, apps would be much larger. Sarah''s operating system uses 20 GB of her 50 GB storage. Sharing that one operating system leaves 30 GB for applications, including her three apps that total 100 MB. The operating system also displays app icons and starts the app a user selects.', 'text', '', null, '[]'::jsonb, '{}'::jsonb, ARRAY['itf.software.types']::text[], 1, 'explanation', null)
on conflict (id) do update set
  lesson_id = excluded.lesson_id,
  milestone_id = excluded.milestone_id,
  position = excluded.position,
  title = excluded.title,
  activity_type = excluded.activity_type,
  stage = excluded.stage,
  prompt = excluded.prompt,
  response_mode = excluded.response_mode,
  starter_code = excluded.starter_code,
  expected_output = excluded.expected_output,
  choices = excluded.choices,
  rubric = excluded.rubric,
  skill_keys = excluded.skill_keys,
  pass_score = excluded.pass_score,
  mode = excluded.mode,
  mode_type = excluded.mode_type;

insert into public.lesson_activities (id, lesson_id, milestone_id, position, title, activity_type, stage, prompt, response_mode, starter_code, expected_output, choices, rubric, skill_keys, pass_score, mode, mode_type)
values ('itf-f-ch3-l2-s3', 'itf-f-ch3-l2', 'itf-f-ch3-l2-milestone', 3, 'Trace how the operating system starts an app', 'code', 'practice', 'Starting an app follows four ordered instructions in the book: accept the user''s input, search storage for the app, copy the app to memory, and allow the app to use the processor. Run this Jargon translation of the book''s generic APP sequence and check that the four lines appear in that order.', 'code', 'SET app ("APP")
PRINT "Accept user input"
PRINT "Search storage for " + app
PRINT "Copy " + app + " to memory"
PRINT "Allow " + app + " to use processor"', 'Accept user input
Search storage for APP
Copy APP to memory
Allow APP to use processor', '[]'::jsonb, '{}'::jsonb, ARRAY['jargon.set', 'jargon.print', 'itf.software.types']::text[], 1, 'practice', 'code')
on conflict (id) do update set
  lesson_id = excluded.lesson_id,
  milestone_id = excluded.milestone_id,
  position = excluded.position,
  title = excluded.title,
  activity_type = excluded.activity_type,
  stage = excluded.stage,
  prompt = excluded.prompt,
  response_mode = excluded.response_mode,
  starter_code = excluded.starter_code,
  expected_output = excluded.expected_output,
  choices = excluded.choices,
  rubric = excluded.rubric,
  skill_keys = excluded.skill_keys,
  pass_score = excluded.pass_score,
  mode = excluded.mode,
  mode_type = excluded.mode_type;

insert into public.lesson_activities (id, lesson_id, milestone_id, position, title, activity_type, stage, prompt, response_mode, starter_code, expected_output, choices, rubric, skill_keys, pass_score, mode, mode_type)
values ('itf-f-ch3-l2-s4', 'itf-f-ch3-l2', 'itf-f-ch3-l2-milestone', 4, 'Firmware prepares the computer', 'discussion', 'teach', 'BIOS is firmware. It is the first program to run when a computer is powered on, tests the hardware, loads part of the operating system from storage to memory, and hands the operating system control of the processor. On Sarah''s smartphone, BIOS searches for connected devices; tests the digitizer, screen, microphone, speaker, camera, antennas, memory, and storage; ends the system test; finds the operating system; copies part of it to memory; and lets it take over. A shared BIOS device-test program can place a device name inside brackets. The main program calls that same test for the screen, keyboard, mouse, memory, and storage instead of keeping a separate test program for each device.', 'text', '', null, '[]'::jsonb, '{}'::jsonb, ARRAY['itf.software.types']::text[], 1, 'explanation', null)
on conflict (id) do update set
  lesson_id = excluded.lesson_id,
  milestone_id = excluded.milestone_id,
  position = excluded.position,
  title = excluded.title,
  activity_type = excluded.activity_type,
  stage = excluded.stage,
  prompt = excluded.prompt,
  response_mode = excluded.response_mode,
  starter_code = excluded.starter_code,
  expected_output = excluded.expected_output,
  choices = excluded.choices,
  rubric = excluded.rubric,
  skill_keys = excluded.skill_keys,
  pass_score = excluded.pass_score,
  mode = excluded.mode,
  mode_type = excluded.mode_type;

insert into public.lesson_activities (id, lesson_id, milestone_id, position, title, activity_type, stage, prompt, response_mode, starter_code, expected_output, choices, rubric, skill_keys, pass_score, mode, mode_type)
values ('itf-f-ch3-l2-s5', 'itf-f-ch3-l2', 'itf-f-ch3-l2-milestone', 5, 'Investigate software and design a BIOS test', 'discussion', 'practice', 'Investigate your computer as the book directs. Identify three applications and give each name, size, and task; name the storage device and its capacity; record the space used by the operating system and applications; and list the hardware parts. Then state two operating-system tasks, explain how it helps applications, and name the first program after power-on with its tasks. For a desktop with screen, keyboard, mouse, memory, and storage, write the ordered BIOS instructions that test those devices and load the operating system; use them for the Word file ''BIOS - My Desktop Computer,'' complete its OPEN line, apply the same font, numbering, and first-word formatting used earlier, and compare the formatting sequence with Activities 1.6 and 1.7. Finally substitute SCREEN and KEYBOARD into the shared device-test brackets, determine how many times the main program calls that test, list every tested device, and adapt the bracket list for a tablet with digitizer, screen, memory, and storage.', 'text', '', null, '[]'::jsonb, '{}'::jsonb, ARRAY['itf.software.types', 'jargon.set']::text[], 1, 'practice', 'applied')
on conflict (id) do update set
  lesson_id = excluded.lesson_id,
  milestone_id = excluded.milestone_id,
  position = excluded.position,
  title = excluded.title,
  activity_type = excluded.activity_type,
  stage = excluded.stage,
  prompt = excluded.prompt,
  response_mode = excluded.response_mode,
  starter_code = excluded.starter_code,
  expected_output = excluded.expected_output,
  choices = excluded.choices,
  rubric = excluded.rubric,
  skill_keys = excluded.skill_keys,
  pass_score = excluded.pass_score,
  mode = excluded.mode,
  mode_type = excluded.mode_type;

insert into public.lesson_activities (id, lesson_id, milestone_id, position, title, activity_type, stage, prompt, response_mode, starter_code, expected_output, choices, rubric, skill_keys, pass_score, mode, mode_type)
values ('itf-f-ch3-l2-s6', 'itf-f-ch3-l2', 'itf-f-ch3-l2-milestone', 6, 'Check the three software types', 'multiple_choice', 'assessment', 'Select every statement that is true.', 'multiple_choice', '', null, '[{"id": "a", "text": "User software performs tasks for the user."}, {"id": "b", "text": "The operating system is a group of programs."}, {"id": "c", "text": "An application is a type of system software."}, {"id": "d", "text": "BIOS is not firmware."}, {"id": "e", "text": "The operating system controls the hardware."}, {"id": "f", "text": "Applications do not need the operating system."}, {"id": "g", "text": "BIOS tests all the hardware of the computer."}, {"id": "h", "text": "The size of software is measured in bytes."}]'::jsonb, '{}'::jsonb, ARRAY['itf.software.types']::text[], 1, 'assessment', 'mcq')
on conflict (id) do update set
  lesson_id = excluded.lesson_id,
  milestone_id = excluded.milestone_id,
  position = excluded.position,
  title = excluded.title,
  activity_type = excluded.activity_type,
  stage = excluded.stage,
  prompt = excluded.prompt,
  response_mode = excluded.response_mode,
  starter_code = excluded.starter_code,
  expected_output = excluded.expected_output,
  choices = excluded.choices,
  rubric = excluded.rubric,
  skill_keys = excluded.skill_keys,
  pass_score = excluded.pass_score,
  mode = excluded.mode,
  mode_type = excluded.mode_type;

insert into public.quiz_items (id, lesson_id, milestone_id, activity_id, position, prompt, question_type, choices, correct_choice_ids, rubric, skill_keys, status)
values ('itf-f-ch3-l2-s6-quiz', 'itf-f-ch3-l2', 'itf-f-ch3-l2-milestone', 'itf-f-ch3-l2-s6', 6, 'Select every statement that is true.', 'multiple_choice', '[{"id": "a", "text": "User software performs tasks for the user."}, {"id": "b", "text": "The operating system is a group of programs."}, {"id": "c", "text": "An application is a type of system software."}, {"id": "d", "text": "BIOS is not firmware."}, {"id": "e", "text": "The operating system controls the hardware."}, {"id": "f", "text": "Applications do not need the operating system."}, {"id": "g", "text": "BIOS tests all the hardware of the computer."}, {"id": "h", "text": "The size of software is measured in bytes."}]'::jsonb, ARRAY['a', 'b', 'e', 'g', 'h']::text[], '{}'::jsonb, ARRAY['itf.software.types']::text[], 'published')
on conflict (id) do update set
  lesson_id = excluded.lesson_id,
  milestone_id = excluded.milestone_id,
  activity_id = excluded.activity_id,
  position = excluded.position,
  prompt = excluded.prompt,
  question_type = excluded.question_type,
  choices = excluded.choices,
  correct_choice_ids = excluded.correct_choice_ids,
  rubric = excluded.rubric,
  skill_keys = excluded.skill_keys,
  status = excluded.status,
  updated_at = now();

insert into public.lessons (id, position, title, tutor_prompt, sample_code, module, level, unit_id, unit_position, publication_status, help_ceiling, require_attempt_first, final_answer_policy, tutor_tone, tutor_pace, grade_band, curriculum_metadata)
values ('itf-f-ch3-l3', 111, 'Conditionals', 'Teach conditionals as decisions whose actions run only when the present condition is met. Contrast the rain decision with the BIOS device-status decision, and ask the learner to trace both branches before confirming an answer.', 'SET raining (True)
IF raining is equal to True THEN
    PRINT "Wear a raincoat"
    PRINT "Take an umbrella"
END
PRINT "Get your school bag"', 'IT Frontiers', 'Beginner', 'itf-f-ch3', 3, 'published', 'guided', true, 'after_attempt', 'encouraging', 'guided', 'lower', '{"course_id": "itf-f", "course_version_id": "itf-f-v1", "lesson_type": "code"}'::jsonb)
on conflict (id) do update set
  position = excluded.position,
  title = excluded.title,
  tutor_prompt = excluded.tutor_prompt,
  sample_code = excluded.sample_code,
  module = excluded.module,
  level = excluded.level,
  unit_id = excluded.unit_id,
  unit_position = excluded.unit_position,
  publication_status = excluded.publication_status,
  help_ceiling = excluded.help_ceiling,
  require_attempt_first = excluded.require_attempt_first,
  final_answer_policy = excluded.final_answer_policy,
  tutor_tone = excluded.tutor_tone,
  tutor_pace = excluded.tutor_pace,
  grade_band = excluded.grade_band,
  curriculum_metadata = excluded.curriculum_metadata;

insert into public.milestones (id, lesson_id, position, title, objective, level, skill_keys, allowed_response_modes)
values ('itf-f-ch3-l3-milestone', 'itf-f-ch3-l3', 1, 'Conditional decisions', 'Use conditional instructions to choose the correct action for a weather, elevator-door, or BIOS device condition.', 'Beginner', ARRAY['jargon.if', 'itf.logic.conditionals']::text[], ARRAY['text', 'code']::text[])
on conflict (id) do update set
  lesson_id = excluded.lesson_id,
  position = excluded.position,
  title = excluded.title,
  objective = excluded.objective,
  level = excluded.level,
  skill_keys = excluded.skill_keys,
  allowed_response_modes = excluded.allowed_response_modes,
  updated_at = now();

update public.lessons set milestone_id = 'itf-f-ch3-l3-milestone' where id = 'itf-f-ch3-l3';

insert into public.lesson_activities (id, lesson_id, milestone_id, position, title, activity_type, stage, prompt, response_mode, starter_code, expected_output, choices, rubric, skill_keys, pass_score, mode, mode_type)
values ('itf-f-ch3-l3-s1', 'itf-f-ch3-l3', 'itf-f-ch3-l3-milestone', 1, 'A condition controls an action', 'discussion', 'intro', 'Instructions that indicate how to make a decision are called conditional instructions. The decision depends on the conditions present when the instruction is performed. Chen''s usual school instructions did not account for rain, so his parents added: if it is raining, then wear a raincoat and take an umbrella. Those actions happen only when the condition is met. If it is not raining, no rain action is taken and Chen moves on to get his school bag. In a flowchart, the decision is shown in a diamond-shaped box. Its Yes branch performs the rain actions and its No branch skips them; both paths then continue to the next instruction.', 'text', '', null, '[]'::jsonb, '{}'::jsonb, ARRAY['jargon.if', 'itf.logic.conditionals']::text[], 1, 'explanation', null)
on conflict (id) do update set
  lesson_id = excluded.lesson_id,
  milestone_id = excluded.milestone_id,
  position = excluded.position,
  title = excluded.title,
  activity_type = excluded.activity_type,
  stage = excluded.stage,
  prompt = excluded.prompt,
  response_mode = excluded.response_mode,
  starter_code = excluded.starter_code,
  expected_output = excluded.expected_output,
  choices = excluded.choices,
  rubric = excluded.rubric,
  skill_keys = excluded.skill_keys,
  pass_score = excluded.pass_score,
  mode = excluded.mode,
  mode_type = excluded.mode_type;

insert into public.lesson_activities (id, lesson_id, milestone_id, position, title, activity_type, stage, prompt, response_mode, starter_code, expected_output, choices, rubric, skill_keys, pass_score, mode, mode_type)
values ('itf-f-ch3-l3-s2', 'itf-f-ch3-l3', 'itf-f-ch3-l3-milestone', 2, 'Run Chen''s rain decision', 'code', 'practice', 'In Chen''s story it is raining, so trace and run this valid Jargon translation of the book''s conditional instruction. Check the order of the two rain actions and the next school instruction.', 'code', 'SET raining (True)
IF raining is equal to True THEN
    PRINT "Wear a raincoat"
    PRINT "Take an umbrella"
END
PRINT "Get your school bag"', 'Wear a raincoat
Take an umbrella
Get your school bag', '[]'::jsonb, '{}'::jsonb, ARRAY['jargon.if', 'itf.logic.conditionals']::text[], 1, 'practice', 'code')
on conflict (id) do update set
  lesson_id = excluded.lesson_id,
  milestone_id = excluded.milestone_id,
  position = excluded.position,
  title = excluded.title,
  activity_type = excluded.activity_type,
  stage = excluded.stage,
  prompt = excluded.prompt,
  response_mode = excluded.response_mode,
  starter_code = excluded.starter_code,
  expected_output = excluded.expected_output,
  choices = excluded.choices,
  rubric = excluded.rubric,
  skill_keys = excluded.skill_keys,
  pass_score = excluded.pass_score,
  mode = excluded.mode,
  mode_type = excluded.mode_type;

insert into public.lesson_activities (id, lesson_id, milestone_id, position, title, activity_type, stage, prompt, response_mode, starter_code, expected_output, choices, rubric, skill_keys, pass_score, mode, mode_type)
values ('itf-f-ch3-l3-s3', 'itf-f-ch3-l3', 'itf-f-ch3-l3-milestone', 3, 'BIOS decides from a device signal', 'discussion', 'teach', 'A BIOS device test first sends ''Are you OK?'' and waits for a reply. It cannot assume that every reply says ''I am OK.'' The conditional test asks whether the signal equals ''I am OK.'' On Yes, BIOS writes that the device is OK to memory and connects it. On No, BIOS writes that the device is not OK and prints an error saying it is not connected. A keyboard can fail this test by explicitly replying ''I am not OK,'' sending an unreadable signal, or not replying at all. In all three cases, the device is not OK, so the No path is followed.', 'text', '', null, '[]'::jsonb, '{}'::jsonb, ARRAY['jargon.if', 'itf.logic.conditionals']::text[], 1, 'explanation', null)
on conflict (id) do update set
  lesson_id = excluded.lesson_id,
  milestone_id = excluded.milestone_id,
  position = excluded.position,
  title = excluded.title,
  activity_type = excluded.activity_type,
  stage = excluded.stage,
  prompt = excluded.prompt,
  response_mode = excluded.response_mode,
  starter_code = excluded.starter_code,
  expected_output = excluded.expected_output,
  choices = excluded.choices,
  rubric = excluded.rubric,
  skill_keys = excluded.skill_keys,
  pass_score = excluded.pass_score,
  mode = excluded.mode,
  mode_type = excluded.mode_type;

insert into public.lesson_activities (id, lesson_id, milestone_id, position, title, activity_type, stage, prompt, response_mode, starter_code, expected_output, choices, rubric, skill_keys, pass_score, mode, mode_type)
values ('itf-f-ch3-l3-s4', 'itf-f-ch3-l3', 'itf-f-ch3-l3-milestone', 4, 'Run the failed keyboard branch', 'code', 'practice', 'The keyboard''s signal is ''I am not OK,'' so the BIOS test must follow the No branch. Run the Jargon program and verify that it records the failed status and prints the same kind of error used in the book.', 'code', 'SET device ("KEYBOARD")
SET signal ("I am not OK")
IF signal is equal to "I am OK" THEN
    PRINT device + " is OK"
    PRINT "Connect " + device
ELSE
    PRINT device + " is NOT OK"
    PRINT "Error! " + device + " is not connected."
END', 'KEYBOARD is NOT OK
Error! KEYBOARD is not connected.', '[]'::jsonb, '{}'::jsonb, ARRAY['jargon.if', 'itf.logic.conditionals']::text[], 1, 'practice', 'code')
on conflict (id) do update set
  lesson_id = excluded.lesson_id,
  milestone_id = excluded.milestone_id,
  position = excluded.position,
  title = excluded.title,
  activity_type = excluded.activity_type,
  stage = excluded.stage,
  prompt = excluded.prompt,
  response_mode = excluded.response_mode,
  starter_code = excluded.starter_code,
  expected_output = excluded.expected_output,
  choices = excluded.choices,
  rubric = excluded.rubric,
  skill_keys = excluded.skill_keys,
  pass_score = excluded.pass_score,
  mode = excluded.mode,
  mode_type = excluded.mode_type;

insert into public.lesson_activities (id, lesson_id, milestone_id, position, title, activity_type, stage, prompt, response_mode, starter_code, expected_output, choices, rubric, skill_keys, pass_score, mode, mode_type)
values ('itf-f-ch3-l3-s5', 'itf-f-ch3-l3', 'itf-f-ch3-l3-milestone', 5, 'Complete two decision flowcharts', 'discussion', 'practice', 'Write the process steps and Yes/No branches for two decisions. For Lin, test whether it is raining: state what happens when it is raining and when it is not. For the elevator''s embedded computer, test whether something blocks the doorway: if the doorway is clear, close the doors; if it is blocked, wait and check again. State what happens for each branch and what happens if the blocking object never moves. Present each as an ordered instruction list or a text description of the matching flowchart.', 'text', '', null, '[]'::jsonb, '{}'::jsonb, ARRAY['jargon.if', 'itf.logic.conditionals']::text[], 1, 'practice', 'applied')
on conflict (id) do update set
  lesson_id = excluded.lesson_id,
  milestone_id = excluded.milestone_id,
  position = excluded.position,
  title = excluded.title,
  activity_type = excluded.activity_type,
  stage = excluded.stage,
  prompt = excluded.prompt,
  response_mode = excluded.response_mode,
  starter_code = excluded.starter_code,
  expected_output = excluded.expected_output,
  choices = excluded.choices,
  rubric = excluded.rubric,
  skill_keys = excluded.skill_keys,
  pass_score = excluded.pass_score,
  mode = excluded.mode,
  mode_type = excluded.mode_type;

insert into public.lesson_activities (id, lesson_id, milestone_id, position, title, activity_type, stage, prompt, response_mode, starter_code, expected_output, choices, rubric, skill_keys, pass_score, mode, mode_type)
values ('itf-f-ch3-l3-s6', 'itf-f-ch3-l3', 'itf-f-ch3-l3-milestone', 6, 'Assess a desktop BIOS test', 'discussion', 'assessment', 'A desktop BIOS tests KEYBOARD, MOUSE, SCREEN, MEMORY, and STORAGE with the device-test conditional. First state everything written to memory if all five reply ''I am OK.'' Then assume the keyboard is disconnected and the mouse battery is out of charge while the other three devices are OK: state everything BIOS writes to memory and give the two error messages shown on the screen. Explain which branch each device takes.', 'text', '', null, '[]'::jsonb, '{}'::jsonb, ARRAY['jargon.if', 'itf.logic.conditionals']::text[], 1, 'assessment', 'open_ended')
on conflict (id) do update set
  lesson_id = excluded.lesson_id,
  milestone_id = excluded.milestone_id,
  position = excluded.position,
  title = excluded.title,
  activity_type = excluded.activity_type,
  stage = excluded.stage,
  prompt = excluded.prompt,
  response_mode = excluded.response_mode,
  starter_code = excluded.starter_code,
  expected_output = excluded.expected_output,
  choices = excluded.choices,
  rubric = excluded.rubric,
  skill_keys = excluded.skill_keys,
  pass_score = excluded.pass_score,
  mode = excluded.mode,
  mode_type = excluded.mode_type;

insert into public.lessons (id, position, title, tutor_prompt, sample_code, module, level, unit_id, unit_position, publication_status, help_ceiling, require_attempt_first, final_answer_policy, tutor_tone, tutor_pace, grade_band, curriculum_metadata)
values ('itf-f-ch3-l4', 112, 'Repetition', 'Use MI7''s walking program to distinguish an infinite loop from repetition with a stopping rule. Have the learner compare a fixed number of steps with walking until the path is blocked, and insist that every loop identify how it ends.', 'REPEAT 3 times
    PRINT "Lift foot up"
    PRINT "Swing leg forward"
    PRINT "Set foot down"
    PRINT "Switch leg"
END
PRINT "Stop"', 'IT Frontiers', 'Beginner', 'itf-f-ch3', 4, 'published', 'guided', true, 'after_attempt', 'encouraging', 'guided', 'lower', '{"course_id": "itf-f", "course_version_id": "itf-f-v1", "lesson_type": "code"}'::jsonb)
on conflict (id) do update set
  position = excluded.position,
  title = excluded.title,
  tutor_prompt = excluded.tutor_prompt,
  sample_code = excluded.sample_code,
  module = excluded.module,
  level = excluded.level,
  unit_id = excluded.unit_id,
  unit_position = excluded.unit_position,
  publication_status = excluded.publication_status,
  help_ceiling = excluded.help_ceiling,
  require_attempt_first = excluded.require_attempt_first,
  final_answer_policy = excluded.final_answer_policy,
  tutor_tone = excluded.tutor_tone,
  tutor_pace = excluded.tutor_pace,
  grade_band = excluded.grade_band,
  curriculum_metadata = excluded.curriculum_metadata;

insert into public.milestones (id, lesson_id, position, title, objective, level, skill_keys, allowed_response_modes)
values ('itf-f-ch3-l4-milestone', 'itf-f-ch3-l4', 1, 'Loops with stopping rules', 'Construct and explain a repeating instruction sequence that stops after a count or when a condition is met.', 'Beginner', ARRAY['jargon.loop', 'itf.logic.repetition']::text[], ARRAY['text', 'code']::text[])
on conflict (id) do update set
  lesson_id = excluded.lesson_id,
  position = excluded.position,
  title = excluded.title,
  objective = excluded.objective,
  level = excluded.level,
  skill_keys = excluded.skill_keys,
  allowed_response_modes = excluded.allowed_response_modes,
  updated_at = now();

update public.lessons set milestone_id = 'itf-f-ch3-l4-milestone' where id = 'itf-f-ch3-l4';

insert into public.lesson_activities (id, lesson_id, milestone_id, position, title, activity_type, stage, prompt, response_mode, starter_code, expected_output, choices, rubric, skill_keys, pass_score, mode, mode_type)
values ('itf-f-ch3-l4-s1', 'itf-f-ch3-l4', 'itf-f-ch3-l4-milestone', 1, 'A loop repeats instructions', 'discussion', 'intro', 'Repeating instructions is sometimes needed to complete a task. A robot''s embedded computer needs a program for every task. MI7''s walking program lifts a foot, swings the leg forward, sets the foot down, and then switches legs. One pass makes only one step, so the program repeats from its first instruction. This creates a loop. Without a number of repetitions or a stopping condition, it is an infinite loop: MI7 keeps walking forever, and the processor is stuck doing that one task only.', 'text', '', null, '[]'::jsonb, '{}'::jsonb, ARRAY['jargon.loop', 'itf.logic.repetition']::text[], 1, 'explanation', null)
on conflict (id) do update set
  lesson_id = excluded.lesson_id,
  milestone_id = excluded.milestone_id,
  position = excluded.position,
  title = excluded.title,
  activity_type = excluded.activity_type,
  stage = excluded.stage,
  prompt = excluded.prompt,
  response_mode = excluded.response_mode,
  starter_code = excluded.starter_code,
  expected_output = excluded.expected_output,
  choices = excluded.choices,
  rubric = excluded.rubric,
  skill_keys = excluded.skill_keys,
  pass_score = excluded.pass_score,
  mode = excluded.mode,
  mode_type = excluded.mode_type;

insert into public.lesson_activities (id, lesson_id, milestone_id, position, title, activity_type, stage, prompt, response_mode, starter_code, expected_output, choices, rubric, skill_keys, pass_score, mode, mode_type)
values ('itf-f-ch3-l4-s2', 'itf-f-ch3-l4', 'itf-f-ch3-l4-milestone', 2, 'A stopping condition breaks the loop', 'discussion', 'teach', 'To avoid an infinite loop, the instructions need a stopping rule. One rule specifies the number of repetitions. The processor counts each repetition, and when the specified number is reached, it breaks the loop and ends the program. In MI7''s flowchart, the robot lifts, swings, sets down, and switches legs before a decision asks whether the repetition count has reached the limit. No returns to the first walking instruction; Yes breaks the loop. If MI7 must walk 14 steps, the condition uses 14 as that limit.', 'text', '', null, '[]'::jsonb, '{}'::jsonb, ARRAY['jargon.loop', 'itf.logic.repetition']::text[], 1, 'explanation', null)
on conflict (id) do update set
  lesson_id = excluded.lesson_id,
  milestone_id = excluded.milestone_id,
  position = excluded.position,
  title = excluded.title,
  activity_type = excluded.activity_type,
  stage = excluded.stage,
  prompt = excluded.prompt,
  response_mode = excluded.response_mode,
  starter_code = excluded.starter_code,
  expected_output = excluded.expected_output,
  choices = excluded.choices,
  rubric = excluded.rubric,
  skill_keys = excluded.skill_keys,
  pass_score = excluded.pass_score,
  mode = excluded.mode,
  mode_type = excluded.mode_type;

insert into public.lesson_activities (id, lesson_id, milestone_id, position, title, activity_type, stage, prompt, response_mode, starter_code, expected_output, choices, rubric, skill_keys, pass_score, mode, mode_type)
values ('itf-f-ch3-l4-s3', 'itf-f-ch3-l4', 'itf-f-ch3-l4-milestone', 3, 'Make MI7 walk three steps', 'code', 'practice', 'Maya wants MI7 to walk three steps forward and then stop. Run this Jargon version of the walking loop. The four walking actions repeat exactly three times, and then the program prints Stop.', 'code', 'REPEAT 3 times
    PRINT "Lift foot up"
    PRINT "Swing leg forward"
    PRINT "Set foot down"
    PRINT "Switch leg"
END
PRINT "Stop"', 'Lift foot up
Swing leg forward
Set foot down
Switch leg
Lift foot up
Swing leg forward
Set foot down
Switch leg
Lift foot up
Swing leg forward
Set foot down
Switch leg
Stop', '[]'::jsonb, '{}'::jsonb, ARRAY['jargon.loop', 'itf.logic.repetition']::text[], 1, 'practice', 'code')
on conflict (id) do update set
  lesson_id = excluded.lesson_id,
  milestone_id = excluded.milestone_id,
  position = excluded.position,
  title = excluded.title,
  activity_type = excluded.activity_type,
  stage = excluded.stage,
  prompt = excluded.prompt,
  response_mode = excluded.response_mode,
  starter_code = excluded.starter_code,
  expected_output = excluded.expected_output,
  choices = excluded.choices,
  rubric = excluded.rubric,
  skill_keys = excluded.skill_keys,
  pass_score = excluded.pass_score,
  mode = excluded.mode,
  mode_type = excluded.mode_type;

insert into public.lesson_activities (id, lesson_id, milestone_id, position, title, activity_type, stage, prompt, response_mode, starter_code, expected_output, choices, rubric, skill_keys, pass_score, mode, mode_type)
values ('itf-f-ch3-l4-s4', 'itf-f-ch3-l4', 'itf-f-ch3-l4-milestone', 4, 'Walk until the path is blocked', 'discussion', 'practice', 'Maya next wants MI7 to walk until it senses an object blocking its path. Write an ordered instruction list or a text description of the matching flowchart: perform the four walking actions, test whether the path is blocked, stop when the answer is Yes, and repeat from the first walking action when the answer is No. Explain why this stopping condition prevents an infinite loop.', 'text', '', null, '[]'::jsonb, '{}'::jsonb, ARRAY['jargon.loop', 'itf.logic.repetition']::text[], 1, 'practice', 'applied')
on conflict (id) do update set
  lesson_id = excluded.lesson_id,
  milestone_id = excluded.milestone_id,
  position = excluded.position,
  title = excluded.title,
  activity_type = excluded.activity_type,
  stage = excluded.stage,
  prompt = excluded.prompt,
  response_mode = excluded.response_mode,
  starter_code = excluded.starter_code,
  expected_output = excluded.expected_output,
  choices = excluded.choices,
  rubric = excluded.rubric,
  skill_keys = excluded.skill_keys,
  pass_score = excluded.pass_score,
  mode = excluded.mode,
  mode_type = excluded.mode_type;

insert into public.lesson_activities (id, lesson_id, milestone_id, position, title, activity_type, stage, prompt, response_mode, starter_code, expected_output, choices, rubric, skill_keys, pass_score, mode, mode_type)
values ('itf-f-ch3-l4-s5', 'itf-f-ch3-l4', 'itf-f-ch3-l4-milestone', 5, 'Compare two stopping rules', 'discussion', 'assessment', 'Compare MI7 walking exactly three steps with MI7 walking until its path is blocked. For each program, identify the repeated actions and the rule that ends the loop. Then explain what would happen if a walking program repeated from its first instruction but had neither a repetition limit nor a stopping condition.', 'text', '', null, '[]'::jsonb, '{}'::jsonb, ARRAY['jargon.loop', 'itf.logic.repetition']::text[], 1, 'assessment', 'open_ended')
on conflict (id) do update set
  lesson_id = excluded.lesson_id,
  milestone_id = excluded.milestone_id,
  position = excluded.position,
  title = excluded.title,
  activity_type = excluded.activity_type,
  stage = excluded.stage,
  prompt = excluded.prompt,
  response_mode = excluded.response_mode,
  starter_code = excluded.starter_code,
  expected_output = excluded.expected_output,
  choices = excluded.choices,
  rubric = excluded.rubric,
  skill_keys = excluded.skill_keys,
  pass_score = excluded.pass_score,
  mode = excluded.mode,
  mode_type = excluded.mode_type;

insert into public.lesson_activities (id, lesson_id, milestone_id, position, title, activity_type, stage, prompt, response_mode, starter_code, expected_output, choices, rubric, skill_keys, pass_score, mode, mode_type)
values ('itf-f-ch3-l4-s6', 'itf-f-ch3-l4', 'itf-f-ch3-l4-milestone', 6, 'Recall the chapter''s program ideas', 'discussion', 'review', 'Without looking back, give one ordered response that recalls: the difference between an instruction and a program; the purposes of user software, system software, and firmware; what makes an instruction conditional; and the two kinds of stopping rules used for repetition in this lesson.', 'text', '', null, '[]'::jsonb, '{}'::jsonb, ARRAY['jargon.loop', 'itf.logic.repetition']::text[], 1, 'revision', 'recall')
on conflict (id) do update set
  lesson_id = excluded.lesson_id,
  milestone_id = excluded.milestone_id,
  position = excluded.position,
  title = excluded.title,
  activity_type = excluded.activity_type,
  stage = excluded.stage,
  prompt = excluded.prompt,
  response_mode = excluded.response_mode,
  starter_code = excluded.starter_code,
  expected_output = excluded.expected_output,
  choices = excluded.choices,
  rubric = excluded.rubric,
  skill_keys = excluded.skill_keys,
  pass_score = excluded.pass_score,
  mode = excluded.mode,
  mode_type = excluded.mode_type;

insert into public.units (id, course_version_id, position, title, description)
values ('itf-f-ch4', 'itf-f-v1', 4, 'Data & Data Structures', 'How data and instructions are organized in files, lists and tables, located by addresses, searched, sorted, and managed as queues and stacks.')
on conflict (id) do update set
  course_version_id = excluded.course_version_id,
  position = excluded.position,
  title = excluded.title,
  description = excluded.description,
  updated_at = now();

insert into public.lessons (id, position, title, tutor_prompt, sample_code, module, level, unit_id, unit_position, publication_status, help_ceiling, require_attempt_first, final_answer_policy, tutor_tone, tutor_pace, grade_band, curriculum_metadata)
values ('itf-f-ch4-l1', 113, 'Data & Structures', 'Help the learner distinguish data from instructions and data files from instruction files, then compare lists with tables. Ask the learner to name the structure and the location of each data item before confirming it.', 'SET fruits (["apples", "oranges"])
PRINT fruits', 'IT Frontiers', 'Beginner', 'itf-f-ch4', 1, 'published', 'guided', true, 'after_attempt', 'encouraging', 'guided', 'lower', '{"course_id": "itf-f", "course_version_id": "itf-f-v1", "lesson_type": "code"}'::jsonb)
on conflict (id) do update set
  position = excluded.position,
  title = excluded.title,
  tutor_prompt = excluded.tutor_prompt,
  sample_code = excluded.sample_code,
  module = excluded.module,
  level = excluded.level,
  unit_id = excluded.unit_id,
  unit_position = excluded.unit_position,
  publication_status = excluded.publication_status,
  help_ceiling = excluded.help_ceiling,
  require_attempt_first = excluded.require_attempt_first,
  final_answer_policy = excluded.final_answer_policy,
  tutor_tone = excluded.tutor_tone,
  tutor_pace = excluded.tutor_pace,
  grade_band = excluded.grade_band,
  curriculum_metadata = excluded.curriculum_metadata;

insert into public.milestones (id, lesson_id, position, title, objective, level, skill_keys, allowed_response_modes)
values ('itf-f-ch4-l1-milestone', 'itf-f-ch4-l1', 1, 'Data structures', 'Distinguish data and instruction files and organize related data in lists and tables.', 'Beginner', ARRAY['jargon.list', 'itf.data.structures']::text[], ARRAY['text', 'code', 'multiple_choice']::text[])
on conflict (id) do update set
  lesson_id = excluded.lesson_id,
  position = excluded.position,
  title = excluded.title,
  objective = excluded.objective,
  level = excluded.level,
  skill_keys = excluded.skill_keys,
  allowed_response_modes = excluded.allowed_response_modes,
  updated_at = now();

update public.lessons set milestone_id = 'itf-f-ch4-l1-milestone' where id = 'itf-f-ch4-l1';

insert into public.lesson_activities (id, lesson_id, milestone_id, position, title, activity_type, stage, prompt, response_mode, starter_code, expected_output, choices, rubric, skill_keys, pass_score, mode, mode_type)
values ('itf-f-ch4-l1-s1', 'itf-f-ch4-l1', 'itf-f-ch4-l1-milestone', 1, 'Data, instructions, and files', 'discussion', 'intro', 'Data is any item of information. Instructions need data; without data, instructions cannot work. Data and instructions enter as input and remain in memory to be processed. In Example 1.1, Ms. Finn tells Sam to add 4 and 1: "Add" is the instruction, while 4 and 1 are the data. Example 1.2 follows both through Sam''s input, memory, processing, and written output of 5. In a computer, information that belongs together is grouped into a file, and all files are saved in storage. Some files are instruction files, such as apps; others are data files, such as images. In Example 1.3, Jenna''s Camera app contains the instructions needed to take a photo, while the photo file contains the data needed to make the image.', 'text', '', null, '[]'::jsonb, '{}'::jsonb, ARRAY['itf.data.structures']::text[], 1, 'explanation', null)
on conflict (id) do update set
  lesson_id = excluded.lesson_id,
  milestone_id = excluded.milestone_id,
  position = excluded.position,
  title = excluded.title,
  activity_type = excluded.activity_type,
  stage = excluded.stage,
  prompt = excluded.prompt,
  response_mode = excluded.response_mode,
  starter_code = excluded.starter_code,
  expected_output = excluded.expected_output,
  choices = excluded.choices,
  rubric = excluded.rubric,
  skill_keys = excluded.skill_keys,
  pass_score = excluded.pass_score,
  mode = excluded.mode,
  mode_type = excluded.mode_type;

insert into public.lesson_activities (id, lesson_id, milestone_id, position, title, activity_type, stage, prompt, response_mode, starter_code, expected_output, choices, rubric, skill_keys, pass_score, mode, mode_type)
values ('itf-f-ch4-l1-s2', 'itf-f-ch4-l1', 'itf-f-ch4-l1-milestone', 2, 'Lists and tables', 'discussion', 'teach', 'Inside a file, data is arranged according to structures. A list is a data structure in which data is arranged in a line, one item after the other. Each item is identified by its place number. In Example 1.4, Ms. Moore writes Omar, Maya, Lana, and Tom in a list; whether the line is vertical or horizontal, Omar is at Place 1 and Tom is at Place 4. A table is a data structure in which data is arranged in rows and columns, with each item in a cell identified by its row and column. In Example 1.5, Ms. Moore''s birthday table has four rows and two columns: Row 1, Column 1 contains Omar, while Row 3, Column 2 contains September 29.', 'text', '', null, '[]'::jsonb, '{}'::jsonb, ARRAY['jargon.list', 'itf.data.structures']::text[], 1, 'explanation', null)
on conflict (id) do update set
  lesson_id = excluded.lesson_id,
  milestone_id = excluded.milestone_id,
  position = excluded.position,
  title = excluded.title,
  activity_type = excluded.activity_type,
  stage = excluded.stage,
  prompt = excluded.prompt,
  response_mode = excluded.response_mode,
  starter_code = excluded.starter_code,
  expected_output = excluded.expected_output,
  choices = excluded.choices,
  rubric = excluded.rubric,
  skill_keys = excluded.skill_keys,
  pass_score = excluded.pass_score,
  mode = excluded.mode,
  mode_type = excluded.mode_type;

insert into public.lesson_activities (id, lesson_id, milestone_id, position, title, activity_type, stage, prompt, response_mode, starter_code, expected_output, choices, rubric, skill_keys, pass_score, mode, mode_type)
values ('itf-f-ch4-l1-s3', 'itf-f-ch4-l1', 'itf-f-ch4-l1-milestone', 3, 'Structures used by the computer', 'discussion', 'teach', 'Lists and tables are important to a computer''s operation. In Example 1.6, BIOS tests the mouse, keyboard, screen, microphone, speaker, memory, WiFi antenna, storage, and printer, then records each device and its OK or NOT OK status in a Device Status Table. The printer is initially NOT OK, so the operating system shows an error instead of printing. After Ms. Moore reconnects the printer, its status is updated to OK. The operating system also prepares device task lists: Files for Opening tells storage to open Section 6A, 6B, and 6C, while Files for Printing tells the printer which files to print. The names of devices and files are all data organized so the computer can use them.', 'text', '', null, '[]'::jsonb, '{}'::jsonb, ARRAY['jargon.list', 'itf.data.structures']::text[], 1, 'explanation', null)
on conflict (id) do update set
  lesson_id = excluded.lesson_id,
  milestone_id = excluded.milestone_id,
  position = excluded.position,
  title = excluded.title,
  activity_type = excluded.activity_type,
  stage = excluded.stage,
  prompt = excluded.prompt,
  response_mode = excluded.response_mode,
  starter_code = excluded.starter_code,
  expected_output = excluded.expected_output,
  choices = excluded.choices,
  rubric = excluded.rubric,
  skill_keys = excluded.skill_keys,
  pass_score = excluded.pass_score,
  mode = excluded.mode,
  mode_type = excluded.mode_type;

insert into public.lesson_activities (id, lesson_id, milestone_id, position, title, activity_type, stage, prompt, response_mode, starter_code, expected_output, choices, rubric, skill_keys, pass_score, mode, mode_type)
values ('itf-f-ch4-l1-s4', 'itf-f-ch4-l1', 'itf-f-ch4-l1-milestone', 4, 'Build a list and a table', 'code', 'practice', 'The book''s Activities 1.2 and 1.3 organize fruit in a list and animal names with their counts in a table. In Jargon, the fruit list is one list, while the table is represented as a list of rows. Run the program and inspect the two structures and their printed data.', 'code', 'SET fruits (["apples", "oranges", "bananas", "kiwis", "mangos"])
SET animals ([["tigers", 6], ["monkeys", 17], ["giraffes", 7], ["meerkats", 23]])
PRINT fruits
PRINT animals', '[''apples'', ''oranges'', ''bananas'', ''kiwis'', ''mangos'']
[[''tigers'', 6], [''monkeys'', 17], [''giraffes'', 7], [''meerkats'', 23]]', '[]'::jsonb, '{}'::jsonb, ARRAY['jargon.list', 'itf.data.structures']::text[], 1, 'practice', 'code')
on conflict (id) do update set
  lesson_id = excluded.lesson_id,
  milestone_id = excluded.milestone_id,
  position = excluded.position,
  title = excluded.title,
  activity_type = excluded.activity_type,
  stage = excluded.stage,
  prompt = excluded.prompt,
  response_mode = excluded.response_mode,
  starter_code = excluded.starter_code,
  expected_output = excluded.expected_output,
  choices = excluded.choices,
  rubric = excluded.rubric,
  skill_keys = excluded.skill_keys,
  pass_score = excluded.pass_score,
  mode = excluded.mode,
  mode_type = excluded.mode_type;

insert into public.lesson_activities (id, lesson_id, milestone_id, position, title, activity_type, stage, prompt, response_mode, starter_code, expected_output, choices, rubric, skill_keys, pass_score, mode, mode_type)
values ('itf-f-ch4-l1-s5', 'itf-f-ch4-l1', 'itf-f-ch4-l1-milestone', 5, 'Apply files, lists, and tables', 'discussion', 'practice', 'Complete four connected tasks. (1) Liam opens the Word application and then the file "English Essay": identify the instruction file and the data file. (2) Jenna uses the Camera app to take a photo and the Photos app to view it: identify the instruction files and data file. (3) BIOS finds the keyboard and screen connected but the speakers and mouse do not respond: write a Device Status Table with device and status columns. (4) Chen saves "Zoo Trip Essay", "Math Homework", and "Science Homework", then prints "Zoo Trip Essay" and "Zoo Photo 1", "Zoo Photo 2", and "Zoo Photo 5": write separate Files to Save and Files to Print task lists. Label every structure as a list or table.', 'text', '', null, '[]'::jsonb, '{}'::jsonb, ARRAY['itf.data.structures']::text[], 1, 'practice', 'applied')
on conflict (id) do update set
  lesson_id = excluded.lesson_id,
  milestone_id = excluded.milestone_id,
  position = excluded.position,
  title = excluded.title,
  activity_type = excluded.activity_type,
  stage = excluded.stage,
  prompt = excluded.prompt,
  response_mode = excluded.response_mode,
  starter_code = excluded.starter_code,
  expected_output = excluded.expected_output,
  choices = excluded.choices,
  rubric = excluded.rubric,
  skill_keys = excluded.skill_keys,
  pass_score = excluded.pass_score,
  mode = excluded.mode,
  mode_type = excluded.mode_type;

insert into public.lesson_activities (id, lesson_id, milestone_id, position, title, activity_type, stage, prompt, response_mode, starter_code, expected_output, choices, rubric, skill_keys, pass_score, mode, mode_type)
values ('itf-f-ch4-l1-s6', 'itf-f-ch4-l1', 'itf-f-ch4-l1-milestone', 6, 'Check: data and structures', 'multiple_choice', 'assessment', 'Select every statement that is true.', 'multiple_choice', '', null, '[{"id": "a", "text": "Instructions need data."}, {"id": "b", "text": "In a computer, information that belongs together is grouped into files."}, {"id": "c", "text": "A list and a table are different data structures."}, {"id": "d", "text": "Data in a list is arranged in rows and columns."}, {"id": "e", "text": "A list contains data arranged in a line, one item after the other."}, {"id": "f", "text": "The operating system does not use lists and tables."}, {"id": "g", "text": "A device status table is a table prepared by BIOS."}, {"id": "h", "text": "A device task list is a list of tasks a device should perform."}]'::jsonb, '{}'::jsonb, ARRAY['itf.data.structures']::text[], 1, 'assessment', 'mcq')
on conflict (id) do update set
  lesson_id = excluded.lesson_id,
  milestone_id = excluded.milestone_id,
  position = excluded.position,
  title = excluded.title,
  activity_type = excluded.activity_type,
  stage = excluded.stage,
  prompt = excluded.prompt,
  response_mode = excluded.response_mode,
  starter_code = excluded.starter_code,
  expected_output = excluded.expected_output,
  choices = excluded.choices,
  rubric = excluded.rubric,
  skill_keys = excluded.skill_keys,
  pass_score = excluded.pass_score,
  mode = excluded.mode,
  mode_type = excluded.mode_type;

insert into public.quiz_items (id, lesson_id, milestone_id, activity_id, position, prompt, question_type, choices, correct_choice_ids, rubric, skill_keys, status)
values ('itf-f-ch4-l1-s6-quiz', 'itf-f-ch4-l1', 'itf-f-ch4-l1-milestone', 'itf-f-ch4-l1-s6', 6, 'Select every statement that is true.', 'multiple_choice', '[{"id": "a", "text": "Instructions need data."}, {"id": "b", "text": "In a computer, information that belongs together is grouped into files."}, {"id": "c", "text": "A list and a table are different data structures."}, {"id": "d", "text": "Data in a list is arranged in rows and columns."}, {"id": "e", "text": "A list contains data arranged in a line, one item after the other."}, {"id": "f", "text": "The operating system does not use lists and tables."}, {"id": "g", "text": "A device status table is a table prepared by BIOS."}, {"id": "h", "text": "A device task list is a list of tasks a device should perform."}]'::jsonb, ARRAY['a', 'b', 'c', 'e', 'g', 'h']::text[], '{}'::jsonb, ARRAY['itf.data.structures']::text[], 'published')
on conflict (id) do update set
  lesson_id = excluded.lesson_id,
  milestone_id = excluded.milestone_id,
  activity_id = excluded.activity_id,
  position = excluded.position,
  prompt = excluded.prompt,
  question_type = excluded.question_type,
  choices = excluded.choices,
  correct_choice_ids = excluded.correct_choice_ids,
  rubric = excluded.rubric,
  skill_keys = excluded.skill_keys,
  status = excluded.status,
  updated_at = now();

insert into public.lessons (id, position, title, tutor_prompt, sample_code, module, level, unit_id, unit_position, publication_status, help_ceiling, require_attempt_first, final_answer_policy, tutor_tone, tutor_pace, grade_band, curriculum_metadata)
values ('itf-f-ch4-l2', 114, 'Names & Addresses', 'Guide the learner from data included in an instruction to data located in a list, another file, a folder, or another computer. Require complete addresses in the book''s order and watch for missing file, list, place, folder, or computer names.', 'SET animals (["horse", "cow", "chicken"])
PRINT animals[1]', 'IT Frontiers', 'Beginner', 'itf-f-ch4', 2, 'published', 'guided', true, 'after_attempt', 'encouraging', 'guided', 'lower', '{"course_id": "itf-f", "course_version_id": "itf-f-v1", "lesson_type": "code"}'::jsonb)
on conflict (id) do update set
  position = excluded.position,
  title = excluded.title,
  tutor_prompt = excluded.tutor_prompt,
  sample_code = excluded.sample_code,
  module = excluded.module,
  level = excluded.level,
  unit_id = excluded.unit_id,
  unit_position = excluded.unit_position,
  publication_status = excluded.publication_status,
  help_ceiling = excluded.help_ceiling,
  require_attempt_first = excluded.require_attempt_first,
  final_answer_policy = excluded.final_answer_policy,
  tutor_tone = excluded.tutor_tone,
  tutor_pace = excluded.tutor_pace,
  grade_band = excluded.grade_band,
  curriculum_metadata = excluded.curriculum_metadata;

insert into public.milestones (id, lesson_id, position, title, objective, level, skill_keys, allowed_response_modes)
values ('itf-f-ch4-l2-milestone', 'itf-f-ch4-l2', 1, 'Names and addresses', 'Use names and addresses to locate data within instructions, lists, files, folders, and computers.', 'Beginner', ARRAY['jargon.set', 'itf.data.addressing']::text[], ARRAY['text', 'code', 'multiple_choice']::text[])
on conflict (id) do update set
  lesson_id = excluded.lesson_id,
  position = excluded.position,
  title = excluded.title,
  objective = excluded.objective,
  level = excluded.level,
  skill_keys = excluded.skill_keys,
  allowed_response_modes = excluded.allowed_response_modes,
  updated_at = now();

update public.lessons set milestone_id = 'itf-f-ch4-l2-milestone' where id = 'itf-f-ch4-l2';

insert into public.lesson_activities (id, lesson_id, milestone_id, position, title, activity_type, stage, prompt, response_mode, starter_code, expected_output, choices, rubric, skill_keys, pass_score, mode, mode_type)
values ('itf-f-ch4-l2-s1', 'itf-f-ch4-l2', 'itf-f-ch4-l2-milestone', 1, 'Where an instruction finds data', 'discussion', 'intro', 'Instructions need data. An instruction either has the data it needs or has an address pointing to where the data may be found. An address points to where a group of data or an item of data is located, and names identify groups such as lists, tables, and files. In Example 2.1, the words "Start" and "End" appear inside WRITE instructions; quotation marks identify them as data. Data can also be in the same instruction file without being part of the instruction. In Example 2.2, File: Terminator Boxes has List: A = {Start, End}. A READ instruction uses the address List: A / Place 1 to get Start and List: A / Place 2 to get End.', 'text', '', null, '[]'::jsonb, '{}'::jsonb, ARRAY['jargon.set', 'itf.data.addressing']::text[], 1, 'explanation', null)
on conflict (id) do update set
  lesson_id = excluded.lesson_id,
  milestone_id = excluded.milestone_id,
  position = excluded.position,
  title = excluded.title,
  activity_type = excluded.activity_type,
  stage = excluded.stage,
  prompt = excluded.prompt,
  response_mode = excluded.response_mode,
  starter_code = excluded.starter_code,
  expected_output = excluded.expected_output,
  choices = excluded.choices,
  rubric = excluded.rubric,
  skill_keys = excluded.skill_keys,
  pass_score = excluded.pass_score,
  mode = excluded.mode,
  mode_type = excluded.mode_type;

insert into public.lesson_activities (id, lesson_id, milestone_id, position, title, activity_type, stage, prompt, response_mode, starter_code, expected_output, choices, rubric, skill_keys, pass_score, mode, mode_type)
values ('itf-f-ch4-l2-s2', 'itf-f-ch4-l2', 'itf-f-ch4-l2-milestone', 2, 'Files inside folders', 'discussion', 'teach', 'Data required by an instruction may be in another file. In that case, the address must name the file and where it is found. Files that belong together are grouped into folders. In Example 2.3, Jenna''s Camera app opens the Images folder, creates a new file, writes the captured image data into it, names it Photo 20220929_1604, saves it, and closes it. Later, the Image Viewer app follows the address Folder: Images / File: Photo 20220929_1604, reads the image data, and prints the image to the screen. The folder name and file name let the app find the correct data file.', 'text', '', null, '[]'::jsonb, '{}'::jsonb, ARRAY['itf.data.addressing']::text[], 1, 'explanation', null)
on conflict (id) do update set
  lesson_id = excluded.lesson_id,
  milestone_id = excluded.milestone_id,
  position = excluded.position,
  title = excluded.title,
  activity_type = excluded.activity_type,
  stage = excluded.stage,
  prompt = excluded.prompt,
  response_mode = excluded.response_mode,
  starter_code = excluded.starter_code,
  expected_output = excluded.expected_output,
  choices = excluded.choices,
  rubric = excluded.rubric,
  skill_keys = excluded.skill_keys,
  pass_score = excluded.pass_score,
  mode = excluded.mode,
  mode_type = excluded.mode_type;

insert into public.lesson_activities (id, lesson_id, milestone_id, position, title, activity_type, stage, prompt, response_mode, starter_code, expected_output, choices, rubric, skill_keys, pass_score, mode, mode_type)
values ('itf-f-ch4-l2-s3', 'itf-f-ch4-l2', 'itf-f-ch4-l2-milestone', 3, 'Web addresses reach another computer', 'discussion', 'teach', 'Data may also be in another file on another computer. Then its address must identify the computer, folder, and file. The Internet is used to reach data on another computer, and a web address points to where that data may be found. In Example 2.4, Liam selects a YouTube video thumbnail. Hidden with the thumbnail is the web address of the video file on a YouTube server. The YouTube app follows that address, reads the video data, and plays the images and sounds on Liam''s smartphone. A web address therefore serves the same locating purpose across computers that file, list, place, row, and column names serve inside one computer.', 'text', '', null, '[]'::jsonb, '{}'::jsonb, ARRAY['itf.data.addressing']::text[], 1, 'explanation', null)
on conflict (id) do update set
  lesson_id = excluded.lesson_id,
  milestone_id = excluded.milestone_id,
  position = excluded.position,
  title = excluded.title,
  activity_type = excluded.activity_type,
  stage = excluded.stage,
  prompt = excluded.prompt,
  response_mode = excluded.response_mode,
  starter_code = excluded.starter_code,
  expected_output = excluded.expected_output,
  choices = excluded.choices,
  rubric = excluded.rubric,
  skill_keys = excluded.skill_keys,
  pass_score = excluded.pass_score,
  mode = excluded.mode,
  mode_type = excluded.mode_type;

insert into public.lesson_activities (id, lesson_id, milestone_id, position, title, activity_type, stage, prompt, response_mode, starter_code, expected_output, choices, rubric, skill_keys, pass_score, mode, mode_type)
values ('itf-f-ch4-l2-s4', 'itf-f-ch4-l2', 'itf-f-ch4-l2-milestone', 4, 'Read data by address', 'code', 'practice', 'Activities 2.2–2.4 build Farm and Zoo lists by reading data from named places. Jargon list indices begin at 0, so the book''s Place 2 is index 1. Run the program: it reads donkey from the second place in Extra, adds it to Farm, then reads the first, third, and fourth places into Zoo.', 'code', 'SET farm (["horse", "cow", "chicken"])
SET extra (["zebra", "donkey", "giraffe", "lion"])
SET item (extra[1])
ADD item to farm
SET zoo ([])
ADD extra[0] to zoo
ADD extra[2] to zoo
ADD extra[3] to zoo
PRINT farm
PRINT zoo', '[''horse'', ''cow'', ''chicken'', ''donkey'']
[''zebra'', ''giraffe'', ''lion'']', '[]'::jsonb, '{}'::jsonb, ARRAY['jargon.set', 'itf.data.addressing']::text[], 1, 'practice', 'code')
on conflict (id) do update set
  lesson_id = excluded.lesson_id,
  milestone_id = excluded.milestone_id,
  position = excluded.position,
  title = excluded.title,
  activity_type = excluded.activity_type,
  stage = excluded.stage,
  prompt = excluded.prompt,
  response_mode = excluded.response_mode,
  starter_code = excluded.starter_code,
  expected_output = excluded.expected_output,
  choices = excluded.choices,
  rubric = excluded.rubric,
  skill_keys = excluded.skill_keys,
  pass_score = excluded.pass_score,
  mode = excluded.mode,
  mode_type = excluded.mode_type;

insert into public.lesson_activities (id, lesson_id, milestone_id, position, title, activity_type, stage, prompt, response_mode, starter_code, expected_output, choices, rubric, skill_keys, pass_score, mode, mode_type)
values ('itf-f-ch4-l2-s5', 'itf-f-ch4-l2', 'itf-f-ch4-l2-milestone', 5, 'Write complete addresses', 'discussion', 'practice', 'Write the full book-style address for each requested item. File Food has List Dairy = {milk, cheese, yogurt} and List Cereals = {rice, wheat, corn}. File Animals has List Farm = {horse, cow, chicken, donkey, duck, goat} and List Zoo = {zebra, giraffe, lion, meerkat, gorilla, monkey, gazelle, flamingo}. Folder Grade 6 / File Section 6A has List Boys = {Chen, Liam, Jon, Ahmed}; Grade 6 / Section 6B has List Girls = {Diana, Sarah, Maya, Deena}; Folder Grade 5 / File Section 5B has List Girls = {Maria, Ronda, Janice, Rachel}. Also, Folder Videos contains Video 1, Video 2, and Video 3. Give addresses for cheese, gorilla, rice, donkey, Ahmed, Maria, Sarah, and Video 2. Then, with teacher assistance, visit the book''s three web-address examples: https://pbskids.org, https://www.coolmath.com, and https://kids.nationalgeographic.com.', 'text', '', null, '[]'::jsonb, '{}'::jsonb, ARRAY['itf.data.addressing']::text[], 1, 'practice', 'applied')
on conflict (id) do update set
  lesson_id = excluded.lesson_id,
  milestone_id = excluded.milestone_id,
  position = excluded.position,
  title = excluded.title,
  activity_type = excluded.activity_type,
  stage = excluded.stage,
  prompt = excluded.prompt,
  response_mode = excluded.response_mode,
  starter_code = excluded.starter_code,
  expected_output = excluded.expected_output,
  choices = excluded.choices,
  rubric = excluded.rubric,
  skill_keys = excluded.skill_keys,
  pass_score = excluded.pass_score,
  mode = excluded.mode,
  mode_type = excluded.mode_type;

insert into public.lesson_activities (id, lesson_id, milestone_id, position, title, activity_type, stage, prompt, response_mode, starter_code, expected_output, choices, rubric, skill_keys, pass_score, mode, mode_type)
values ('itf-f-ch4-l2-s6', 'itf-f-ch4-l2', 'itf-f-ch4-l2-milestone', 6, 'Check: names and addresses', 'multiple_choice', 'assessment', 'Select every statement that is true.', 'multiple_choice', '', null, '[{"id": "a", "text": "An instruction cannot include data."}, {"id": "b", "text": "An address points to where data may be found."}, {"id": "c", "text": "A folder is a collection of files that belong together."}, {"id": "d", "text": "A file does not need a name."}, {"id": "e", "text": "An instruction and its data must be in the same file."}, {"id": "f", "text": "The instructions of an app can use data that is in a separate file."}, {"id": "g", "text": "An image is a data file."}, {"id": "h", "text": "A web address is needed when data is on a different computer."}]'::jsonb, '{}'::jsonb, ARRAY['itf.data.addressing']::text[], 1, 'assessment', 'mcq')
on conflict (id) do update set
  lesson_id = excluded.lesson_id,
  milestone_id = excluded.milestone_id,
  position = excluded.position,
  title = excluded.title,
  activity_type = excluded.activity_type,
  stage = excluded.stage,
  prompt = excluded.prompt,
  response_mode = excluded.response_mode,
  starter_code = excluded.starter_code,
  expected_output = excluded.expected_output,
  choices = excluded.choices,
  rubric = excluded.rubric,
  skill_keys = excluded.skill_keys,
  pass_score = excluded.pass_score,
  mode = excluded.mode,
  mode_type = excluded.mode_type;

insert into public.quiz_items (id, lesson_id, milestone_id, activity_id, position, prompt, question_type, choices, correct_choice_ids, rubric, skill_keys, status)
values ('itf-f-ch4-l2-s6-quiz', 'itf-f-ch4-l2', 'itf-f-ch4-l2-milestone', 'itf-f-ch4-l2-s6', 6, 'Select every statement that is true.', 'multiple_choice', '[{"id": "a", "text": "An instruction cannot include data."}, {"id": "b", "text": "An address points to where data may be found."}, {"id": "c", "text": "A folder is a collection of files that belong together."}, {"id": "d", "text": "A file does not need a name."}, {"id": "e", "text": "An instruction and its data must be in the same file."}, {"id": "f", "text": "The instructions of an app can use data that is in a separate file."}, {"id": "g", "text": "An image is a data file."}, {"id": "h", "text": "A web address is needed when data is on a different computer."}]'::jsonb, ARRAY['b', 'c', 'f', 'g', 'h']::text[], '{}'::jsonb, ARRAY['itf.data.addressing']::text[], 'published')
on conflict (id) do update set
  lesson_id = excluded.lesson_id,
  milestone_id = excluded.milestone_id,
  activity_id = excluded.activity_id,
  position = excluded.position,
  prompt = excluded.prompt,
  question_type = excluded.question_type,
  choices = excluded.choices,
  correct_choice_ids = excluded.correct_choice_ids,
  rubric = excluded.rubric,
  skill_keys = excluded.skill_keys,
  status = excluded.status,
  updated_at = now();

insert into public.lessons (id, position, title, tutor_prompt, sample_code, module, level, unit_id, unit_position, publication_status, help_ceiling, require_attempt_first, final_answer_policy, tutor_tone, tutor_pace, grade_band, curriculum_metadata)
values ('itf-f-ch4-l3', 115, 'Searching', 'Guide the learner through a linear search one place at a time. Ask which stopping condition applies before confirming whether a target is found or the end of the list is reached.', 'SET names (["Donna", "Anna", "Harvey", "Carl", "Grace"])
SET target ("Carl")
REPEAT_FOR_EACH name in names
    IF name is equal to target THEN
        PRINT "Found " + target
        BREAK
    END
END', 'IT Frontiers', 'Beginner', 'itf-f-ch4', 3, 'published', 'guided', true, 'after_attempt', 'encouraging', 'guided', 'lower', '{"course_id": "itf-f", "course_version_id": "itf-f-v1", "lesson_type": "code"}'::jsonb)
on conflict (id) do update set
  position = excluded.position,
  title = excluded.title,
  tutor_prompt = excluded.tutor_prompt,
  sample_code = excluded.sample_code,
  module = excluded.module,
  level = excluded.level,
  unit_id = excluded.unit_id,
  unit_position = excluded.unit_position,
  publication_status = excluded.publication_status,
  help_ceiling = excluded.help_ceiling,
  require_attempt_first = excluded.require_attempt_first,
  final_answer_policy = excluded.final_answer_policy,
  tutor_tone = excluded.tutor_tone,
  tutor_pace = excluded.tutor_pace,
  grade_band = excluded.grade_band,
  curriculum_metadata = excluded.curriculum_metadata;

insert into public.milestones (id, lesson_id, position, title, objective, level, skill_keys, allowed_response_modes)
values ('itf-f-ch4-l3-milestone', 'itf-f-ch4-l3', 1, 'Linear search', 'Trace and implement a linear search that stops when the target is found or the end of the list is reached.', 'Beginner', ARRAY['itf.data.searching', 'jargon.loop']::text[], ARRAY['text', 'code', 'multiple_choice']::text[])
on conflict (id) do update set
  lesson_id = excluded.lesson_id,
  position = excluded.position,
  title = excluded.title,
  objective = excluded.objective,
  level = excluded.level,
  skill_keys = excluded.skill_keys,
  allowed_response_modes = excluded.allowed_response_modes,
  updated_at = now();

update public.lessons set milestone_id = 'itf-f-ch4-l3-milestone' where id = 'itf-f-ch4-l3';

insert into public.lesson_activities (id, lesson_id, milestone_id, position, title, activity_type, stage, prompt, response_mode, starter_code, expected_output, choices, rubric, skill_keys, pass_score, mode, mode_type)
values ('itf-f-ch4-l3-s1', 'itf-f-ch4-l3', 'itf-f-ch4-l3-milestone', 1, 'Search one place at a time', 'discussion', 'intro', 'Searching for and finding data is an important task performed by computers. A list arranges data in a line, so one strategy is to start at the beginning and check each place in order. If the item is found, the search ends; otherwise, move to the next place. This is called a linear search. In Example 3.1, Ms. Moore searches the Trip List for Carl. At each place she reads a name and asks whether it is Carl. Donna, Anna, and Harvey do not match, so she moves on. At Place 4 she reads Carl, says "I found Carl!", and ends the search instead of checking Grace.', 'text', '', null, '[]'::jsonb, '{}'::jsonb, ARRAY['itf.data.searching', 'jargon.loop']::text[], 1, 'explanation', null)
on conflict (id) do update set
  lesson_id = excluded.lesson_id,
  milestone_id = excluded.milestone_id,
  position = excluded.position,
  title = excluded.title,
  activity_type = excluded.activity_type,
  stage = excluded.stage,
  prompt = excluded.prompt,
  response_mode = excluded.response_mode,
  starter_code = excluded.starter_code,
  expected_output = excluded.expected_output,
  choices = excluded.choices,
  rubric = excluded.rubric,
  skill_keys = excluded.skill_keys,
  pass_score = excluded.pass_score,
  mode = excluded.mode,
  mode_type = excluded.mode_type;

insert into public.lesson_activities (id, lesson_id, milestone_id, position, title, activity_type, stage, prompt, response_mode, starter_code, expected_output, choices, rubric, skill_keys, pass_score, mode, mode_type)
values ('itf-f-ch4-l3-s2', 'itf-f-ch4-l3', 'itf-f-ch4-l3-milestone', 2, 'The two ways a search ends', 'discussion', 'teach', 'A linear search also needs a second stopping condition. In Example 3.2, Ms. Moore searches for Kim. She checks Donna, Anna, Harvey, Carl, Grace, Ahmed, and Lana. No name matches, so when she reaches the last name she says, "I did not find Kim," and ends. Example 3.3 extends the same process to a computer searching a list of 100 telephone numbers. The program goes to the first place, reads an item, checks whether it matches, checks whether the search has reached the end, and otherwise moves to the next place and repeats. Computers can use these instructions to search lists containing thousands of items.', 'text', '', null, '[]'::jsonb, '{}'::jsonb, ARRAY['itf.data.searching', 'jargon.loop']::text[], 1, 'explanation', null)
on conflict (id) do update set
  lesson_id = excluded.lesson_id,
  milestone_id = excluded.milestone_id,
  position = excluded.position,
  title = excluded.title,
  activity_type = excluded.activity_type,
  stage = excluded.stage,
  prompt = excluded.prompt,
  response_mode = excluded.response_mode,
  starter_code = excluded.starter_code,
  expected_output = excluded.expected_output,
  choices = excluded.choices,
  rubric = excluded.rubric,
  skill_keys = excluded.skill_keys,
  pass_score = excluded.pass_score,
  mode = excluded.mode,
  mode_type = excluded.mode_type;

insert into public.lesson_activities (id, lesson_id, milestone_id, position, title, activity_type, stage, prompt, response_mode, starter_code, expected_output, choices, rubric, skill_keys, pass_score, mode, mode_type)
values ('itf-f-ch4-l3-s3', 'itf-f-ch4-l3', 'itf-f-ch4-l3-milestone', 3, 'Search the field-trip list', 'code', 'practice', 'Activity 3.2 asks for Maya in the Field Trip list. Run a linear search over the book''s names. The loop checks each name; because the list contains May but not Maya, the search reaches the end and prints the not-found message.', 'code', 'SET names (["Anne", "Dan", "Zena", "Ren", "Lin", "Jon", "Benjamin", "Chen", "Donna", "Harvey", "Loise", "Mike", "Kirk", "Lana", "Jenna", "Micha", "Sarah", "Liam", "Scot", "Tala", "Maria", "Susan", "Charlie", "Gabriel", "Thomas", "Matthew", "Ahmed", "Akira", "Chang", "Hana", "Choi", "Aya", "May", "Rosanne", "Rola", "Rana", "Samira", "Mona", "Hana", "Fares", "Tarek", "Chris", "Arnold", "Dora", "Dana", "Leya", "Karl", "Omar"])
SET target ("Maya")
SET found (False)
REPEAT_FOR_EACH name in names
    IF name is equal to target THEN
        PRINT "Found " + target
        SET found (True)
        BREAK
    END
END
IF found is equal to False THEN
    PRINT target + " is not in the list"
END', 'Maya is not in the list', '[]'::jsonb, '{}'::jsonb, ARRAY['itf.data.searching', 'jargon.loop']::text[], 1, 'practice', 'code')
on conflict (id) do update set
  lesson_id = excluded.lesson_id,
  milestone_id = excluded.milestone_id,
  position = excluded.position,
  title = excluded.title,
  activity_type = excluded.activity_type,
  stage = excluded.stage,
  prompt = excluded.prompt,
  response_mode = excluded.response_mode,
  starter_code = excluded.starter_code,
  expected_output = excluded.expected_output,
  choices = excluded.choices,
  rubric = excluded.rubric,
  skill_keys = excluded.skill_keys,
  pass_score = excluded.pass_score,
  mode = excluded.mode,
  mode_type = excluded.mode_type;

insert into public.lesson_activities (id, lesson_id, milestone_id, position, title, activity_type, stage, prompt, response_mode, starter_code, expected_output, choices, rubric, skill_keys, pass_score, mode, mode_type)
values ('itf-f-ch4-l3-s4', 'itf-f-ch4-l3', 'itf-f-ch4-l3-milestone', 4, 'Search the locker numbers', 'code', 'practice', 'Activity 3.3 asks whether locker 425 has been assigned. Locker numbers are kept as strings so leading zeros such as 034 and 002 remain part of their data. Run the linear search; it stops as soon as 425 is found.', 'code', 'SET numbers (["323", "379", "523", "100", "634", "544", "277", "331", "669", "412", "333", "102", "034", "011", "458", "512", "599", "367", "273", "732", "555", "486", "352", "123", "370", "563", "190", "684", "547", "247", "391", "663", "433", "312", "134", "002", "058", "417", "425", "592", "519", "327", "373", "552", "375", "406", "302", "300", "309", "223", "140", "614", "541", "257", "361", "699", "412", "353", "142", "434", "111"])
SET target ("425")
SET found (False)
REPEAT_FOR_EACH number in numbers
    IF number is equal to target THEN
        PRINT "Found " + target
        SET found (True)
        BREAK
    END
END
IF found is equal to False THEN
    PRINT target + " is not in the list"
END', 'Found 425', '[]'::jsonb, '{}'::jsonb, ARRAY['itf.data.searching', 'jargon.loop']::text[], 1, 'practice', 'code')
on conflict (id) do update set
  lesson_id = excluded.lesson_id,
  milestone_id = excluded.milestone_id,
  position = excluded.position,
  title = excluded.title,
  activity_type = excluded.activity_type,
  stage = excluded.stage,
  prompt = excluded.prompt,
  response_mode = excluded.response_mode,
  starter_code = excluded.starter_code,
  expected_output = excluded.expected_output,
  choices = excluded.choices,
  rubric = excluded.rubric,
  skill_keys = excluded.skill_keys,
  pass_score = excluded.pass_score,
  mode = excluded.mode,
  mode_type = excluded.mode_type;

insert into public.lesson_activities (id, lesson_id, milestone_id, position, title, activity_type, stage, prompt, response_mode, starter_code, expected_output, choices, rubric, skill_keys, pass_score, mode, mode_type)
values ('itf-f-ch4-l3-s5', 'itf-f-ch4-l3', 'itf-f-ch4-l3-milestone', 5, 'Check: linear search', 'multiple_choice', 'assessment', 'Select every statement that is true.', 'multiple_choice', '', null, '[{"id": "a", "text": "A list is a data structure arranged in the form of a line."}, {"id": "b", "text": "A linear search is a method for searching a list for a data item."}, {"id": "c", "text": "A computer does not need instructions to perform a linear search."}, {"id": "d", "text": "A linear search checks each place in a list one after the other."}, {"id": "e", "text": "A linear search should end when the data item is found."}, {"id": "f", "text": "A linear search should not end when it reaches the end of the list."}, {"id": "g", "text": "A linear search loops for every place in the list."}, {"id": "h", "text": "A linear search does not have any conditions to break the loop."}]'::jsonb, '{}'::jsonb, ARRAY['itf.data.searching', 'jargon.loop']::text[], 1, 'assessment', 'mcq')
on conflict (id) do update set
  lesson_id = excluded.lesson_id,
  milestone_id = excluded.milestone_id,
  position = excluded.position,
  title = excluded.title,
  activity_type = excluded.activity_type,
  stage = excluded.stage,
  prompt = excluded.prompt,
  response_mode = excluded.response_mode,
  starter_code = excluded.starter_code,
  expected_output = excluded.expected_output,
  choices = excluded.choices,
  rubric = excluded.rubric,
  skill_keys = excluded.skill_keys,
  pass_score = excluded.pass_score,
  mode = excluded.mode,
  mode_type = excluded.mode_type;

insert into public.quiz_items (id, lesson_id, milestone_id, activity_id, position, prompt, question_type, choices, correct_choice_ids, rubric, skill_keys, status)
values ('itf-f-ch4-l3-s5-quiz', 'itf-f-ch4-l3', 'itf-f-ch4-l3-milestone', 'itf-f-ch4-l3-s5', 5, 'Select every statement that is true.', 'multiple_choice', '[{"id": "a", "text": "A list is a data structure arranged in the form of a line."}, {"id": "b", "text": "A linear search is a method for searching a list for a data item."}, {"id": "c", "text": "A computer does not need instructions to perform a linear search."}, {"id": "d", "text": "A linear search checks each place in a list one after the other."}, {"id": "e", "text": "A linear search should end when the data item is found."}, {"id": "f", "text": "A linear search should not end when it reaches the end of the list."}, {"id": "g", "text": "A linear search loops for every place in the list."}, {"id": "h", "text": "A linear search does not have any conditions to break the loop."}]'::jsonb, ARRAY['a', 'b', 'd', 'e', 'g']::text[], '{}'::jsonb, ARRAY['itf.data.searching', 'jargon.loop']::text[], 'published')
on conflict (id) do update set
  lesson_id = excluded.lesson_id,
  milestone_id = excluded.milestone_id,
  activity_id = excluded.activity_id,
  position = excluded.position,
  prompt = excluded.prompt,
  question_type = excluded.question_type,
  choices = excluded.choices,
  correct_choice_ids = excluded.correct_choice_ids,
  rubric = excluded.rubric,
  skill_keys = excluded.skill_keys,
  status = excluded.status,
  updated_at = now();

insert into public.lessons (id, position, title, tutor_prompt, sample_code, module, level, unit_id, unit_position, publication_status, help_ceiling, require_attempt_first, final_answer_policy, tutor_tone, tutor_pace, grade_band, curriculum_metadata)
values ('itf-f-ch4-l4', 116, 'Sorting', 'Guide the learner through sorting by comparing consecutive items and recording every switch. Emphasize that reaching the end after a pass with switches means starting another pass, while a complete pass with no switches ends the sort.', 'SET names (["Cherry", "Kiwi", "Apple", "Banana"])
PRINT sorted(names)', 'IT Frontiers', 'Beginner', 'itf-f-ch4', 4, 'published', 'guided', true, 'after_attempt', 'encouraging', 'guided', 'lower', '{"course_id": "itf-f", "course_version_id": "itf-f-v1", "lesson_type": "code"}'::jsonb)
on conflict (id) do update set
  position = excluded.position,
  title = excluded.title,
  tutor_prompt = excluded.tutor_prompt,
  sample_code = excluded.sample_code,
  module = excluded.module,
  level = excluded.level,
  unit_id = excluded.unit_id,
  unit_position = excluded.unit_position,
  publication_status = excluded.publication_status,
  help_ceiling = excluded.help_ceiling,
  require_attempt_first = excluded.require_attempt_first,
  final_answer_policy = excluded.final_answer_policy,
  tutor_tone = excluded.tutor_tone,
  tutor_pace = excluded.tutor_pace,
  grade_band = excluded.grade_band,
  curriculum_metadata = excluded.curriculum_metadata;

insert into public.milestones (id, lesson_id, position, title, objective, level, skill_keys, allowed_response_modes)
values ('itf-f-ch4-l4-milestone', 'itf-f-ch4-l4', 1, 'Sorting lists', 'Apply a sorting criterion by comparing consecutive list items until no more switches are required.', 'Beginner', ARRAY['itf.data.sorting']::text[], ARRAY['text', 'code', 'multiple_choice']::text[])
on conflict (id) do update set
  lesson_id = excluded.lesson_id,
  position = excluded.position,
  title = excluded.title,
  objective = excluded.objective,
  level = excluded.level,
  skill_keys = excluded.skill_keys,
  allowed_response_modes = excluded.allowed_response_modes,
  updated_at = now();

update public.lessons set milestone_id = 'itf-f-ch4-l4-milestone' where id = 'itf-f-ch4-l4';

insert into public.lesson_activities (id, lesson_id, milestone_id, position, title, activity_type, stage, prompt, response_mode, starter_code, expected_output, choices, rubric, skill_keys, pass_score, mode, mode_type)
values ('itf-f-ch4-l4-s1', 'itf-f-ch4-l4', 'itf-f-ch4-l4-milestone', 1, 'Sorting changes list order', 'discussion', 'intro', 'Initially, items in a list are organized in the order in which they are added. Sorting means rearranging data based on a criterion, such as alphabetical order; a sorted list is easier to search. In Example 4.1, the Trip List is in signup order: Donna signed up first, followed by Anna, Harvey, Carl, and Grace. Sorting changes the places of those data items. Names can be sorted alphabetically, while numbers can be sorted by increasing numerical value. The chosen criterion supplies the rule for deciding which item should come before another.', 'text', '', null, '[]'::jsonb, '{}'::jsonb, ARRAY['itf.data.sorting']::text[], 1, 'explanation', null)
on conflict (id) do update set
  lesson_id = excluded.lesson_id,
  milestone_id = excluded.milestone_id,
  position = excluded.position,
  title = excluded.title,
  activity_type = excluded.activity_type,
  stage = excluded.stage,
  prompt = excluded.prompt,
  response_mode = excluded.response_mode,
  starter_code = excluded.starter_code,
  expected_output = excluded.expected_output,
  choices = excluded.choices,
  rubric = excluded.rubric,
  skill_keys = excluded.skill_keys,
  pass_score = excluded.pass_score,
  mode = excluded.mode,
  mode_type = excluded.mode_type;

insert into public.lesson_activities (id, lesson_id, milestone_id, position, title, activity_type, stage, prompt, response_mode, starter_code, expected_output, choices, rubric, skill_keys, pass_score, mode, mode_type)
values ('itf-f-ch4-l4-s2', 'itf-f-ch4-l4', 'itf-f-ch4-l4-milestone', 2, 'Compare, switch, and repeat', 'discussion', 'teach', 'Example 4.2 sorts Donna, Anna, Harvey, Carl, and Grace alphabetically. Compare each pair of consecutive items. Donna and Anna are out of order, so they switch. Donna and Harvey stay. Harvey and Carl switch; then Harvey and Grace switch. Reaching the end after making switches means another run is required. On the next run, Carl and Donna switch, while the other compared pairs stay. One last run makes no switches, so the sort ends with Anna, Carl, Donna, Grace, Harvey. The program therefore starts at the first place, compares two consecutive items, switches them only when they are out of order, moves one place, and starts again after the end whenever at least one switch occurred.', 'text', '', null, '[]'::jsonb, '{}'::jsonb, ARRAY['itf.data.sorting']::text[], 1, 'explanation', null)
on conflict (id) do update set
  lesson_id = excluded.lesson_id,
  milestone_id = excluded.milestone_id,
  position = excluded.position,
  title = excluded.title,
  activity_type = excluded.activity_type,
  stage = excluded.stage,
  prompt = excluded.prompt,
  response_mode = excluded.response_mode,
  starter_code = excluded.starter_code,
  expected_output = excluded.expected_output,
  choices = excluded.choices,
  rubric = excluded.rubric,
  skill_keys = excluded.skill_keys,
  pass_score = excluded.pass_score,
  mode = excluded.mode,
  mode_type = excluded.mode_type;

insert into public.lesson_activities (id, lesson_id, milestone_id, position, title, activity_type, stage, prompt, response_mode, starter_code, expected_output, choices, rubric, skill_keys, pass_score, mode, mode_type)
values ('itf-f-ch4-l4-s3', 'itf-f-ch4-l4', 'itf-f-ch4-l4-milestone', 3, 'Check final sorted order in Jargon', 'code', 'practice', 'Activities 4.2 and 4.3 sort the book''s name list alphabetically and number list by increasing value. Jargon''s sorted function gives the final order so you can check a hand-worked sequence of comparisons and switches. Run the program and compare its two outputs with those criteria.', 'code', 'SET names (["Cherry", "Kiwi", "Apple", "Banana"])
SET numbers ([40, 50, 20, 30])
PRINT sorted(names)
PRINT sorted(numbers)', '[''Apple'', ''Banana'', ''Cherry'', ''Kiwi'']
[20, 30, 40, 50]', '[]'::jsonb, '{}'::jsonb, ARRAY['itf.data.sorting']::text[], 1, 'practice', 'code')
on conflict (id) do update set
  lesson_id = excluded.lesson_id,
  milestone_id = excluded.milestone_id,
  position = excluded.position,
  title = excluded.title,
  activity_type = excluded.activity_type,
  stage = excluded.stage,
  prompt = excluded.prompt,
  response_mode = excluded.response_mode,
  starter_code = excluded.starter_code,
  expected_output = excluded.expected_output,
  choices = excluded.choices,
  rubric = excluded.rubric,
  skill_keys = excluded.skill_keys,
  pass_score = excluded.pass_score,
  mode = excluded.mode,
  mode_type = excluded.mode_type;

insert into public.lesson_activities (id, lesson_id, milestone_id, position, title, activity_type, stage, prompt, response_mode, starter_code, expected_output, choices, rubric, skill_keys, pass_score, mode, mode_type)
values ('itf-f-ch4-l4-s4', 'itf-f-ch4-l4', 'itf-f-ch4-l4-milestone', 4, 'Trace the alphabetical sort', 'discussion', 'practice', 'Trace Activity 4.2 by hand, starting with [Cherry, Kiwi, Apple, Banana]. Compare only consecutive items in the order shown by the book''s pink brackets. After each comparison, write the whole list and state whether a switch occurred. When you reach the end, begin another pass if any switch occurred. Stop only after a complete pass requires no switches, then state the final alphabetical list.', 'text', '', null, '[]'::jsonb, '{}'::jsonb, ARRAY['itf.data.sorting']::text[], 1, 'practice', 'applied')
on conflict (id) do update set
  lesson_id = excluded.lesson_id,
  milestone_id = excluded.milestone_id,
  position = excluded.position,
  title = excluded.title,
  activity_type = excluded.activity_type,
  stage = excluded.stage,
  prompt = excluded.prompt,
  response_mode = excluded.response_mode,
  starter_code = excluded.starter_code,
  expected_output = excluded.expected_output,
  choices = excluded.choices,
  rubric = excluded.rubric,
  skill_keys = excluded.skill_keys,
  pass_score = excluded.pass_score,
  mode = excluded.mode,
  mode_type = excluded.mode_type;

insert into public.lesson_activities (id, lesson_id, milestone_id, position, title, activity_type, stage, prompt, response_mode, starter_code, expected_output, choices, rubric, skill_keys, pass_score, mode, mode_type)
values ('itf-f-ch4-l4-s5', 'itf-f-ch4-l4', 'itf-f-ch4-l4-milestone', 5, 'Trace two numerical criteria', 'discussion', 'practice', 'Use the same consecutive-comparison process on [40, 50, 20, 30] twice. First apply Activity 4.3''s criterion of increasing numerical value; then restart from the original list and apply Activity 4.4''s criterion of decreasing numerical value. Show the list after every comparison, mark each switch, repeat passes when needed, and stop each sort only after a full pass has no switches.', 'text', '', null, '[]'::jsonb, '{}'::jsonb, ARRAY['itf.data.sorting']::text[], 1, 'practice', 'applied')
on conflict (id) do update set
  lesson_id = excluded.lesson_id,
  milestone_id = excluded.milestone_id,
  position = excluded.position,
  title = excluded.title,
  activity_type = excluded.activity_type,
  stage = excluded.stage,
  prompt = excluded.prompt,
  response_mode = excluded.response_mode,
  starter_code = excluded.starter_code,
  expected_output = excluded.expected_output,
  choices = excluded.choices,
  rubric = excluded.rubric,
  skill_keys = excluded.skill_keys,
  pass_score = excluded.pass_score,
  mode = excluded.mode,
  mode_type = excluded.mode_type;

insert into public.lesson_activities (id, lesson_id, milestone_id, position, title, activity_type, stage, prompt, response_mode, starter_code, expected_output, choices, rubric, skill_keys, pass_score, mode, mode_type)
values ('itf-f-ch4-l4-s6', 'itf-f-ch4-l4', 'itf-f-ch4-l4-milestone', 6, 'Check: sorting', 'multiple_choice', 'assessment', 'Select every statement that is true.', 'multiple_choice', '', null, '[{"id": "a", "text": "Sorting changes the order of data in a list."}, {"id": "b", "text": "Alphabetical order is not a criterion for sorting."}, {"id": "c", "text": "Increasing numerical value is a criterion for sorting."}, {"id": "d", "text": "A sorting program sorts two data items at a time."}, {"id": "e", "text": "A sorting program cannot sort a list of numbers."}, {"id": "f", "text": "A sorting program keeps going through the list until no more changes are required."}, {"id": "g", "text": "A sorting program always starts at the first place in the list."}, {"id": "h", "text": "A sorted list is easier to search."}]'::jsonb, '{}'::jsonb, ARRAY['itf.data.sorting']::text[], 1, 'assessment', 'mcq')
on conflict (id) do update set
  lesson_id = excluded.lesson_id,
  milestone_id = excluded.milestone_id,
  position = excluded.position,
  title = excluded.title,
  activity_type = excluded.activity_type,
  stage = excluded.stage,
  prompt = excluded.prompt,
  response_mode = excluded.response_mode,
  starter_code = excluded.starter_code,
  expected_output = excluded.expected_output,
  choices = excluded.choices,
  rubric = excluded.rubric,
  skill_keys = excluded.skill_keys,
  pass_score = excluded.pass_score,
  mode = excluded.mode,
  mode_type = excluded.mode_type;

insert into public.quiz_items (id, lesson_id, milestone_id, activity_id, position, prompt, question_type, choices, correct_choice_ids, rubric, skill_keys, status)
values ('itf-f-ch4-l4-s6-quiz', 'itf-f-ch4-l4', 'itf-f-ch4-l4-milestone', 'itf-f-ch4-l4-s6', 6, 'Select every statement that is true.', 'multiple_choice', '[{"id": "a", "text": "Sorting changes the order of data in a list."}, {"id": "b", "text": "Alphabetical order is not a criterion for sorting."}, {"id": "c", "text": "Increasing numerical value is a criterion for sorting."}, {"id": "d", "text": "A sorting program sorts two data items at a time."}, {"id": "e", "text": "A sorting program cannot sort a list of numbers."}, {"id": "f", "text": "A sorting program keeps going through the list until no more changes are required."}, {"id": "g", "text": "A sorting program always starts at the first place in the list."}, {"id": "h", "text": "A sorted list is easier to search."}]'::jsonb, ARRAY['a', 'c', 'd', 'f', 'g', 'h']::text[], '{}'::jsonb, ARRAY['itf.data.sorting']::text[], 'published')
on conflict (id) do update set
  lesson_id = excluded.lesson_id,
  milestone_id = excluded.milestone_id,
  activity_id = excluded.activity_id,
  position = excluded.position,
  prompt = excluded.prompt,
  question_type = excluded.question_type,
  choices = excluded.choices,
  correct_choice_ids = excluded.correct_choice_ids,
  rubric = excluded.rubric,
  skill_keys = excluded.skill_keys,
  status = excluded.status,
  updated_at = now();

insert into public.lessons (id, position, title, tutor_prompt, sample_code, module, level, unit_id, unit_position, publication_status, help_ceiling, require_attempt_first, final_answer_policy, tutor_tone, tutor_pace, grade_band, curriculum_metadata)
values ('itf-f-ch4-l5', 117, 'Queues & Stacks', 'Use the book''s line, printer, book-pile, and Undo stories to contrast first-in-first-out with last-in-first-out. Ask the learner to identify which end receives and removes an item before confirming each queue or stack update.', 'SET queue (["Section 6A", "Section 6B"])
SET front (queue[0])
REMOVE front from queue
PRINT front', 'IT Frontiers', 'Beginner', 'itf-f-ch4', 5, 'published', 'guided', true, 'after_attempt', 'encouraging', 'guided', 'lower', '{"course_id": "itf-f", "course_version_id": "itf-f-v1", "lesson_type": "code"}'::jsonb)
on conflict (id) do update set
  position = excluded.position,
  title = excluded.title,
  tutor_prompt = excluded.tutor_prompt,
  sample_code = excluded.sample_code,
  module = excluded.module,
  level = excluded.level,
  unit_id = excluded.unit_id,
  unit_position = excluded.unit_position,
  publication_status = excluded.publication_status,
  help_ceiling = excluded.help_ceiling,
  require_attempt_first = excluded.require_attempt_first,
  final_answer_policy = excluded.final_answer_policy,
  tutor_tone = excluded.tutor_tone,
  tutor_pace = excluded.tutor_pace,
  grade_band = excluded.grade_band,
  curriculum_metadata = excluded.curriculum_metadata;

insert into public.milestones (id, lesson_id, position, title, objective, level, skill_keys, allowed_response_modes)
values ('itf-f-ch4-l5-milestone', 'itf-f-ch4-l5', 1, 'Queue and stack behavior', 'Apply first-in-first-out queue rules and last-in-first-out stack rules to operating-system tasks.', 'Beginner', ARRAY['itf.data.queue', 'itf.data.stack', 'jargon.list']::text[], ARRAY['text', 'code', 'multiple_choice']::text[])
on conflict (id) do update set
  lesson_id = excluded.lesson_id,
  position = excluded.position,
  title = excluded.title,
  objective = excluded.objective,
  level = excluded.level,
  skill_keys = excluded.skill_keys,
  allowed_response_modes = excluded.allowed_response_modes,
  updated_at = now();

update public.lessons set milestone_id = 'itf-f-ch4-l5-milestone' where id = 'itf-f-ch4-l5';

insert into public.lesson_activities (id, lesson_id, milestone_id, position, title, activity_type, stage, prompt, response_mode, starter_code, expected_output, choices, rubric, skill_keys, pass_score, mode, mode_type)
values ('itf-f-ch4-l5-s1', 'itf-f-ch4-l5', 'itf-f-ch4-l5-milestone', 1, 'Queues are first in, first out', 'discussion', 'intro', 'A queue is a type of list. New items are added to the end, while old items are removed from the beginning. Items entering first therefore leave first: first in, first out. In Example 5.1, students who stand in line first return their books or board the bus first, while newcomers join the end. The operating system uses queues to track device tasks in the order received. In Example 5.2, its printer queue contains Section 6A, Section 6B, and Section 6C. It sends Section 6A first, removes that completed task, and then sends Section 6B, which is now at the beginning.', 'text', '', null, '[]'::jsonb, '{}'::jsonb, ARRAY['itf.data.queue', 'jargon.list']::text[], 1, 'explanation', null)
on conflict (id) do update set
  lesson_id = excluded.lesson_id,
  milestone_id = excluded.milestone_id,
  position = excluded.position,
  title = excluded.title,
  activity_type = excluded.activity_type,
  stage = excluded.stage,
  prompt = excluded.prompt,
  response_mode = excluded.response_mode,
  starter_code = excluded.starter_code,
  expected_output = excluded.expected_output,
  choices = excluded.choices,
  rubric = excluded.rubric,
  skill_keys = excluded.skill_keys,
  pass_score = excluded.pass_score,
  mode = excluded.mode,
  mode_type = excluded.mode_type;

insert into public.lesson_activities (id, lesson_id, milestone_id, position, title, activity_type, stage, prompt, response_mode, starter_code, expected_output, choices, rubric, skill_keys, pass_score, mode, mode_type)
values ('itf-f-ch4-l5-s2', 'itf-f-ch4-l5', 'itf-f-ch4-l5-milestone', 2, 'Stacks are last in, first out', 'discussion', 'teach', 'A stack is another type of list. New items are added at the beginning or top, and items are also removed from that top. Items entering last therefore leave first: last in, first out. In Example 5.3, the last book placed on the librarian''s pile is on top and returns to the shelf first; the first book is at the bottom and returns last. The operating system uses stacks to reverse user actions. In Example 5.4, Mike types "This is my homework," changes the font size to 24, and then makes it bold. Undo first removes the last action, Bold, then Font Size 24, and then the last typed word at the top of the remaining action stack.', 'text', '', null, '[]'::jsonb, '{}'::jsonb, ARRAY['itf.data.stack', 'jargon.list']::text[], 1, 'explanation', null)
on conflict (id) do update set
  lesson_id = excluded.lesson_id,
  milestone_id = excluded.milestone_id,
  position = excluded.position,
  title = excluded.title,
  activity_type = excluded.activity_type,
  stage = excluded.stage,
  prompt = excluded.prompt,
  response_mode = excluded.response_mode,
  starter_code = excluded.starter_code,
  expected_output = excluded.expected_output,
  choices = excluded.choices,
  rubric = excluded.rubric,
  skill_keys = excluded.skill_keys,
  pass_score = excluded.pass_score,
  mode = excluded.mode,
  mode_type = excluded.mode_type;

insert into public.lesson_activities (id, lesson_id, milestone_id, position, title, activity_type, stage, prompt, response_mode, starter_code, expected_output, choices, rubric, skill_keys, pass_score, mode, mode_type)
values ('itf-f-ch4-l5-s3', 'itf-f-ch4-l5', 'itf-f-ch4-l5-milestone', 3, 'Update device-task queues', 'code', 'practice', 'Model Activity 5.2 with Jargon lists. ADD places a new task at a queue''s end. To complete the oldest task, read index 0 and REMOVE that value. The program follows Joe''s save, print, and upload events, prints the one remaining upload task, completes it, and confirms that all queues are empty.', 'code', 'SET save_queue (["Math Homework", "Science Project", "English Essay"])
SET print_queue (["English Essay"])
SET upload_queue ([])
SET front (save_queue[0])
REMOVE front from save_queue
ADD "Science Project" to print_queue
REPEAT 2 times
    SET front (save_queue[0])
    REMOVE front from save_queue
END
SET front (print_queue[0])
REMOVE front from print_queue
ADD "Math Homework" to upload_queue
ADD "Science Project" to upload_queue
SET front (print_queue[0])
REMOVE front from print_queue
SET front (upload_queue[0])
REMOVE front from upload_queue
PRINT upload_queue
SET front (upload_queue[0])
REMOVE front from upload_queue
PRINT save_queue
PRINT print_queue
PRINT upload_queue', '[''Science Project'']
[]
[]
[]', '[]'::jsonb, '{}'::jsonb, ARRAY['itf.data.queue', 'jargon.list']::text[], 1, 'practice', 'code')
on conflict (id) do update set
  lesson_id = excluded.lesson_id,
  milestone_id = excluded.milestone_id,
  position = excluded.position,
  title = excluded.title,
  activity_type = excluded.activity_type,
  stage = excluded.stage,
  prompt = excluded.prompt,
  response_mode = excluded.response_mode,
  starter_code = excluded.starter_code,
  expected_output = excluded.expected_output,
  choices = excluded.choices,
  rubric = excluded.rubric,
  skill_keys = excluded.skill_keys,
  pass_score = excluded.pass_score,
  mode = excluded.mode,
  mode_type = excluded.mode_type;

insert into public.lesson_activities (id, lesson_id, milestone_id, position, title, activity_type, stage, prompt, response_mode, starter_code, expected_output, choices, rubric, skill_keys, pass_score, mode, mode_type)
values ('itf-f-ch4-l5-s4', 'itf-f-ch4-l5', 'itf-f-ch4-l5-milestone', 4, 'Update an Undo stack', 'code', 'practice', 'Model Activity 5.3. Each word is one action, and punctuation stays with the word before it. In this Jargon list, the rightmost item is the stack''s top: each Undo reads the last item and removes it. The program applies Joe''s three Undos, adds his next five words, then applies four more Undos.', 'code', 'SET actions (["One", "sunny", "summer", "morning,", "I", "went"])
REPEAT 3 times
    SET top (actions[len(actions)-1])
    REMOVE top from actions
END
PRINT actions
ADD "evening," to actions
ADD "we" to actions
ADD "decided" to actions
ADD "to" to actions
ADD "go" to actions
REPEAT 4 times
    SET top (actions[len(actions)-1])
    REMOVE top from actions
END
PRINT actions', '[''One'', ''sunny'', ''summer'']
[''One'', ''sunny'', ''summer'', ''evening,'']', '[]'::jsonb, '{}'::jsonb, ARRAY['itf.data.stack', 'jargon.list']::text[], 1, 'practice', 'code')
on conflict (id) do update set
  lesson_id = excluded.lesson_id,
  milestone_id = excluded.milestone_id,
  position = excluded.position,
  title = excluded.title,
  activity_type = excluded.activity_type,
  stage = excluded.stage,
  prompt = excluded.prompt,
  response_mode = excluded.response_mode,
  starter_code = excluded.starter_code,
  expected_output = excluded.expected_output,
  choices = excluded.choices,
  rubric = excluded.rubric,
  skill_keys = excluded.skill_keys,
  pass_score = excluded.pass_score,
  mode = excluded.mode,
  mode_type = excluded.mode_type;

insert into public.lesson_activities (id, lesson_id, milestone_id, position, title, activity_type, stage, prompt, response_mode, starter_code, expected_output, choices, rubric, skill_keys, pass_score, mode, mode_type)
values ('itf-f-ch4-l5-s5', 'itf-f-ch4-l5', 'itf-f-ch4-l5-milestone', 5, 'Choose the right list behavior', 'reflection', 'practice', 'Activity 5.4 asks whether the two structures can exchange jobs. Could the operating system use a stack to manage device tasks that should be completed in arrival order? Could it use a queue to reverse a user''s most recent actions first? Answer both questions and justify each answer by tracing a three-item example through first-in-first-out or last-in-first-out behavior.', 'text', '', null, '[]'::jsonb, '{}'::jsonb, ARRAY['itf.data.queue', 'itf.data.stack']::text[], 1, 'reflection', null)
on conflict (id) do update set
  lesson_id = excluded.lesson_id,
  milestone_id = excluded.milestone_id,
  position = excluded.position,
  title = excluded.title,
  activity_type = excluded.activity_type,
  stage = excluded.stage,
  prompt = excluded.prompt,
  response_mode = excluded.response_mode,
  starter_code = excluded.starter_code,
  expected_output = excluded.expected_output,
  choices = excluded.choices,
  rubric = excluded.rubric,
  skill_keys = excluded.skill_keys,
  pass_score = excluded.pass_score,
  mode = excluded.mode,
  mode_type = excluded.mode_type;

insert into public.lesson_activities (id, lesson_id, milestone_id, position, title, activity_type, stage, prompt, response_mode, starter_code, expected_output, choices, rubric, skill_keys, pass_score, mode, mode_type)
values ('itf-f-ch4-l5-s6', 'itf-f-ch4-l5', 'itf-f-ch4-l5-milestone', 6, 'Check: queues and stacks', 'multiple_choice', 'assessment', 'Select every statement that is true.', 'multiple_choice', '', null, '[{"id": "a", "text": "There are different types of lists."}, {"id": "b", "text": "The operating system uses only one type of list."}, {"id": "c", "text": "A queue is not a type of list."}, {"id": "d", "text": "A stack is a type of list."}, {"id": "e", "text": "New items are added to the end of a queue."}, {"id": "f", "text": "New items are added to the bottom of a stack."}, {"id": "g", "text": "A queue behaves as first in, first out."}, {"id": "h", "text": "A stack behaves as last in, first out."}]'::jsonb, '{}'::jsonb, ARRAY['itf.data.queue', 'itf.data.stack']::text[], 1, 'assessment', 'mcq')
on conflict (id) do update set
  lesson_id = excluded.lesson_id,
  milestone_id = excluded.milestone_id,
  position = excluded.position,
  title = excluded.title,
  activity_type = excluded.activity_type,
  stage = excluded.stage,
  prompt = excluded.prompt,
  response_mode = excluded.response_mode,
  starter_code = excluded.starter_code,
  expected_output = excluded.expected_output,
  choices = excluded.choices,
  rubric = excluded.rubric,
  skill_keys = excluded.skill_keys,
  pass_score = excluded.pass_score,
  mode = excluded.mode,
  mode_type = excluded.mode_type;

insert into public.quiz_items (id, lesson_id, milestone_id, activity_id, position, prompt, question_type, choices, correct_choice_ids, rubric, skill_keys, status)
values ('itf-f-ch4-l5-s6-quiz', 'itf-f-ch4-l5', 'itf-f-ch4-l5-milestone', 'itf-f-ch4-l5-s6', 6, 'Select every statement that is true.', 'multiple_choice', '[{"id": "a", "text": "There are different types of lists."}, {"id": "b", "text": "The operating system uses only one type of list."}, {"id": "c", "text": "A queue is not a type of list."}, {"id": "d", "text": "A stack is a type of list."}, {"id": "e", "text": "New items are added to the end of a queue."}, {"id": "f", "text": "New items are added to the bottom of a stack."}, {"id": "g", "text": "A queue behaves as first in, first out."}, {"id": "h", "text": "A stack behaves as last in, first out."}]'::jsonb, ARRAY['a', 'd', 'e', 'g', 'h']::text[], '{}'::jsonb, ARRAY['itf.data.queue', 'itf.data.stack']::text[], 'published')
on conflict (id) do update set
  lesson_id = excluded.lesson_id,
  milestone_id = excluded.milestone_id,
  activity_id = excluded.activity_id,
  position = excluded.position,
  prompt = excluded.prompt,
  question_type = excluded.question_type,
  choices = excluded.choices,
  correct_choice_ids = excluded.correct_choice_ids,
  rubric = excluded.rubric,
  skill_keys = excluded.skill_keys,
  status = excluded.status,
  updated_at = now();
